post_id,persona_id,handle,created_at,post_type,visibility,source,title,body,metrics
P001-POST-001,P001,fin_p001_folio,2026-06-20T12:03:00+09:00,saving_milestone,public,derived_from_ledger,이번 달 저축률 기록,6월 수입 대비 저축률 8.8% 달성,"{'like_count': 46, 'comment_count': 10, 'save_count': 1}"
P001-POST-002,P001,fin_p001_folio,2026-06-22T14:40:00+09:00,investment_trade,followers,derived_from_ledger,포트폴리오 업데이트,"6월 투자 매수 76,100원, 보유 종목 1개","{'like_count': 65, 'comment_count': 9, 'save_count': 16}"
P001-POST-003,P001,fin_p001_folio,2026-06-12T21:51:00+09:00,spend_pattern,followers,derived_from_ledger,소비 카테고리 회고,가장 큰 소비 카테고리는 교통,"{'like_count': 19, 'comment_count': 7, 'save_count': 12}"
P002-POST-001,P002,fin_p002_daily,2026-06-13T15:51:00+09:00,saving_milestone,public,derived_from_ledger,이번 달 저축률 기록,6월 수입 대비 저축률 10.5% 달성,"{'like_count': 68, 'comment_count': 13, 'save_count': 14}"
P002-POST-002,P002,fin_p002_daily,2026-06-29T17:57:00+09:00,investment_trade,followers,derived_from_ledger,포트폴리오 업데이트,"6월 투자 매수 39,100원, 보유 종목 1개","{'like_count': 5, 'comment_count': 14, 'save_count': 3}"
P002-POST-003,P002,fin_p002_daily,2026-06-18T11:13:00+09:00,spend_pattern,public,derived_from_ledger,소비 카테고리 회고,가장 큰 소비 카테고리는 식비,"{'like_count': 55, 'comment_count': 1, 'save_count': 0}"
P003-POST-001,P003,fin_p003_flow,2026-06-14T16:50:00+09:00,saving_milestone,public,derived_from_ledger,이번 달 저축률 기록,6월 수입 대비 저축률 34.8% 달성,"{'like_count': 66, 'comment_count': 11, 'save_count': 11}"
P003-POST-002,P003,fin_p003_flow,2026-06-13T13:48:00+09:00,investment_trade,challenge_group,derived_from_ledger,포트폴리오 업데이트,"6월 투자 매수 193,200원, 보유 종목 2개","{'like_count': 6, 'comment_count': 7, 'save_count': 15}"
P003-POST-003,P003,fin_p003_flow,2026-06-08T23:03:00+09:00,spend_pattern,challenge_group,derived_from_ledger,소비 카테고리 회고,가장 큰 소비 카테고리는 식비,"{'like_count': 60, 'comment_count': 7, 'save_count': 15}"
P004-POST-001,P004,fin_p004_save,2026-06-08T21:50:00+09:00,saving_milestone,challenge_group,derived_from_ledger,이번 달 저축률 기록,6월 수입 대비 저축률 20.3% 달성,"{'like_count': 0, 'comment_count': 4, 'save_count': 17}"
P004-POST-002,P004,fin_p004_save,2026-06-27T21:10:00+09:00,investment_trade,public,derived_from_ledger,포트폴리오 업데이트,"6월 투자 매수 696,200원, 보유 종목 2개","{'like_count': 52, 'comment_count': 1, 'save_count': 13}"
P005-POST-001,P005,fin_p005_daily,2026-06-14T18:09:00+09:00,saving_milestone,challenge_group,derived_from_ledger,이번 달 저축률 기록,6월 수입 대비 저축률 41.4% 달성,"{'like_count': 69, 'comment_count': 5, 'save_count': 6}"
P005-POST-002,P005,fin_p005_daily,2026-06-09T09:35:00+09:00,investment_trade,followers,derived_from_ledger,포트폴리오 업데이트,"6월 투자 매수 429,100원, 보유 종목 1개","{'like_count': 29, 'comment_count': 14, 'save_count': 15}"
P005-POST-003,P005,fin_p005_daily,2026-06-14T21:31:00+09:00,spend_pattern,followers,derived_from_ledger,소비 카테고리 회고,가장 큰 소비 카테고리는 생활,"{'like_count': 19, 'comment_count': 5, 'save_count': 6}"
P006-POST-001,P006,fin_p006_flow,2026-06-29T15:38:00+09:00,saving_milestone,followers,derived_from_ledger,이번 달 저축률 기록,6월 수입 대비 저축률 4.8% 달성,"{'like_count': 6, 'comment_count': 2, 'save_count': 3}"
P006-POST-002,P006,fin_p006_flow,2026-06-09T09:15:00+09:00,investment_trade,challenge_group,derived_from_ledger,포트폴리오 업데이트,"6월 투자 매수 285,200원, 보유 종목 2개","{'like_count': 80, 'comment_count': 14, 'save_count': 16}"
P006-POST-003,P006,fin_p006_flow,2026-06-15T20:43:00+09:00,spend_pattern,public,derived_from_ledger,소비 카테고리 회고,가장 큰 소비 카테고리는 온라인쇼핑,"{'like_count': 61, 'comment_count': 5, 'save_count': 2}"
P007-POST-001,P007,fin_p007_folio,2026-06-13T19:57:00+09:00,saving_milestone,followers,derived_from_ledger,이번 달 저축률 기록,6월 수입 대비 저축률 8.8% 달성,"{'like_count': 49, 'comment_count': 5, 'save_count': 16}"
P007-POST-002,P007,fin_p007_folio,2026-06-24T19:17:00+09:00,investment_trade,followers,derived_from_ledger,포트폴리오 업데이트,"6월 투자 매수 115,100원, 보유 종목 1개","{'like_count': 14, 'comment_count': 4, 'save_count': 3}"
P007-POST-003,P007,fin_p007_folio,2026-06-16T20:55:00+09:00,spend_pattern,challenge_group,derived_from_ledger,소비 카테고리 회고,가장 큰 소비 카테고리는 생활,"{'like_count': 59, 'comment_count': 7, 'save_count': 18}"
P008-POST-001,P008,fin_p008_save,2026-06-08T11:48:00+09:00,saving_milestone,public,derived_from_ledger,이번 달 저축률 기록,6월 수입 대비 저축률 25.4% 달성,"{'like_count': 0, 'comment_count': 6, 'save_count': 18}"
P008-POST-002,P008,fin_p008_save,2026-06-12T23:33:00+09:00,investment_trade,public,derived_from_ledger,포트폴리오 업데이트,"6월 투자 매수 1,132,300원, 보유 종목 3개","{'like_count': 80, 'comment_count': 4, 'save_count': 5}"
P009-POST-001,P009,fin_p009_daily,2026-06-12T23:51:00+09:00,saving_milestone,challenge_group,derived_from_ledger,이번 달 저축률 기록,6월 수입 대비 저축률 45.1% 달성,"{'like_count': 71, 'comment_count': 9, 'save_count': 1}"
P009-POST-002,P009,fin_p009_daily,2026-06-21T17:55:00+09:00,investment_trade,followers,derived_from_ledger,포트폴리오 업데이트,"6월 투자 매수 429,100원, 보유 종목 1개","{'like_count': 22, 'comment_count': 11, 'save_count': 4}"
P009-POST-003,P009,fin_p009_daily,2026-06-29T21:33:00+09:00,spend_pattern,public,derived_from_ledger,소비 카테고리 회고,가장 큰 소비 카테고리는 생활,"{'like_count': 32, 'comment_count': 5, 'save_count': 16}"
P010-POST-001,P010,fin_p010_folio,2026-06-13T21:54:00+09:00,saving_milestone,public,derived_from_ledger,이번 달 저축률 기록,6월 수입 대비 저축률 41.1% 달성,"{'like_count': 78, 'comment_count': 4, 'save_count': 17}"
P010-POST-002,P010,fin_p010_folio,2026-06-14T21:32:00+09:00,investment_trade,followers,derived_from_ledger,포트폴리오 업데이트,"6월 투자 매수 1,773,300원, 보유 종목 3개","{'like_count': 3, 'comment_count': 6, 'save_count': 13}"
P010-POST-003,P010,fin_p010_folio,2026-06-30T11:18:00+09:00,spend_pattern,challenge_group,derived_from_ledger,소비 카테고리 회고,가장 큰 소비 카테고리는 생활,"{'like_count': 68, 'comment_count': 12, 'save_count': 6}"
P011-POST-001,P011,fin_p011_flow,2026-06-25T18:55:00+09:00,saving_milestone,challenge_group,derived_from_ledger,이번 달 저축률 기록,6월 수입 대비 저축률 5.2% 달성,"{'like_count': 7, 'comment_count': 11, 'save_count': 13}"
P011-POST-002,P011,fin_p011_flow,2026-06-18T14:09:00+09:00,investment_trade,followers,derived_from_ledger,포트폴리오 업데이트,"6월 투자 매수 76,100원, 보유 종목 1개","{'like_count': 45, 'comment_count': 2, 'save_count': 11}"
P011-POST-003,P011,fin_p011_flow,2026-06-11T12:15:00+09:00,spend_pattern,public,derived_from_ledger,소비 카테고리 회고,가장 큰 소비 카테고리는 식비,"{'like_count': 30, 'comment_count': 14, 'save_count': 4}"
P012-POST-001,P012,fin_p012_folio,2026-06-10T17:31:00+09:00,saving_milestone,challenge_group,derived_from_ledger,이번 달 저축률 기록,6월 수입 대비 저축률 12.1% 달성,"{'like_count': 35, 'comment_count': 9, 'save_count': 5}"
P013-POST-001,P013,fin_p013_save,2026-06-15T09:04:00+09:00,saving_milestone,public,derived_from_ledger,이번 달 저축률 기록,6월 수입 대비 저축률 11.3% 달성,"{'like_count': 29, 'comment_count': 2, 'save_count': 18}"
P013-POST-002,P013,fin_p013_save,2026-06-18T19:38:00+09:00,investment_trade,followers,derived_from_ledger,포트폴리오 업데이트,"6월 투자 매수 76,100원, 보유 종목 1개","{'like_count': 28, 'comment_count': 14, 'save_count': 13}"
P013-POST-003,P013,fin_p013_save,2026-06-21T10:35:00+09:00,spend_pattern,followers,derived_from_ledger,소비 카테고리 회고,가장 큰 소비 카테고리는 생활,"{'like_count': 1, 'comment_count': 0, 'save_count': 19}"
P014-POST-001,P014,fin_p014_flow,2026-06-24T12:24:00+09:00,saving_milestone,public,derived_from_ledger,이번 달 저축률 기록,6월 수입 대비 저축률 13.0% 달성,"{'like_count': 47, 'comment_count': 0, 'save_count': 1}"
P014-POST-002,P014,fin_p014_flow,2026-06-24T10:53:00+09:00,investment_trade,followers,derived_from_ledger,포트폴리오 업데이트,"6월 투자 매수 115,100원, 보유 종목 1개","{'like_count': 59, 'comment_count': 11, 'save_count': 17}"
P014-POST-003,P014,fin_p014_flow,2026-06-23T15:17:00+09:00,spend_pattern,public,derived_from_ledger,소비 카테고리 회고,가장 큰 소비 카테고리는 식비,"{'like_count': 59, 'comment_count': 9, 'save_count': 13}"
P015-POST-001,P015,fin_p015_folio,2026-06-26T18:02:00+09:00,saving_milestone,followers,derived_from_ledger,이번 달 저축률 기록,6월 수입 대비 저축률 12.2% 달성,"{'like_count': 46, 'comment_count': 13, 'save_count': 9}"
P015-POST-002,P015,fin_p015_folio,2026-06-13T09:02:00+09:00,investment_trade,public,derived_from_ledger,포트폴리오 업데이트,"6월 투자 매수 285,200원, 보유 종목 2개","{'like_count': 38, 'comment_count': 2, 'save_count': 12}"
P015-POST-003,P015,fin_p015_folio,2026-06-10T18:30:00+09:00,spend_pattern,public,derived_from_ledger,소비 카테고리 회고,가장 큰 소비 카테고리는 식비,"{'like_count': 9, 'comment_count': 11, 'save_count': 5}"
P016-POST-001,P016,fin_p016_daily,2026-06-19T17:04:00+09:00,saving_milestone,followers,derived_from_ledger,이번 달 저축률 기록,6월 수입 대비 저축률 8.5% 달성,"{'like_count': 72, 'comment_count': 7, 'save_count': 18}"
P016-POST-002,P016,fin_p016_daily,2026-06-07T10:39:00+09:00,investment_trade,public,derived_from_ledger,포트폴리오 업데이트,"6월 투자 매수 76,100원, 보유 종목 1개","{'like_count': 4, 'comment_count': 10, 'save_count': 8}"
P016-POST-003,P016,fin_p016_daily,2026-06-28T14:12:00+09:00,spend_pattern,public,derived_from_ledger,소비 카테고리 회고,가장 큰 소비 카테고리는 생활,"{'like_count': 23, 'comment_count': 2, 'save_count': 19}"
P017-POST-001,P017,fin_p017_daily,2026-06-27T21:42:00+09:00,saving_milestone,public,derived_from_ledger,이번 달 저축률 기록,6월 수입 대비 저축률 19.7% 달성,"{'like_count': 63, 'comment_count': 11, 'save_count': 14}"
P017-POST-002,P017,fin_p017_daily,2026-06-15T17:41:00+09:00,investment_trade,public,derived_from_ledger,포트폴리오 업데이트,"6월 투자 매수 78,100원, 보유 종목 1개","{'like_count': 67, 'comment_count': 2, 'save_count': 9}"
P017-POST-003,P017,fin_p017_daily,2026-06-22T17:32:00+09:00,spend_pattern,followers,derived_from_ledger,소비 카테고리 회고,가장 큰 소비 카테고리는 생활,"{'like_count': 11, 'comment_count': 7, 'save_count': 4}"
P018-POST-001,P018,fin_p018_save,2026-06-21T12:28:00+09:00,saving_milestone,challenge_group,derived_from_ledger,이번 달 저축률 기록,6월 수입 대비 저축률 9.9% 달성,"{'like_count': 6, 'comment_count': 9, 'save_count': 7}"
P018-POST-002,P018,fin_p018_save,2026-06-07T19:32:00+09:00,investment_trade,challenge_group,derived_from_ledger,포트폴리오 업데이트,"6월 투자 매수 76,100원, 보유 종목 1개","{'like_count': 58, 'comment_count': 6, 'save_count': 17}"
P019-POST-001,P019,fin_p019_folio,2026-06-10T21:18:00+09:00,saving_milestone,followers,derived_from_ledger,이번 달 저축률 기록,6월 수입 대비 저축률 19.4% 달성,"{'like_count': 20, 'comment_count': 5, 'save_count': 20}"
P019-POST-002,P019,fin_p019_folio,2026-06-19T12:01:00+09:00,investment_trade,challenge_group,derived_from_ledger,포트폴리오 업데이트,"6월 투자 매수 76,100원, 보유 종목 1개","{'like_count': 28, 'comment_count': 12, 'save_count': 11}"
P020-POST-001,P020,fin_p020_flow,2026-06-08T12:10:00+09:00,saving_milestone,challenge_group,derived_from_ledger,이번 달 저축률 기록,6월 수입 대비 저축률 8.7% 달성,"{'like_count': 62, 'comment_count': 1, 'save_count': 14}"
P020-POST-002,P020,fin_p020_flow,2026-06-27T20:36:00+09:00,investment_trade,challenge_group,derived_from_ledger,포트폴리오 업데이트,"6월 투자 매수 160,200원, 보유 종목 2개","{'like_count': 8, 'comment_count': 0, 'save_count': 12}"
P020-POST-003,P020,fin_p020_flow,2026-06-08T10:32:00+09:00,spend_pattern,followers,derived_from_ledger,소비 카테고리 회고,가장 큰 소비 카테고리는 생활,"{'like_count': 67, 'comment_count': 4, 'save_count': 8}"
P021-POST-001,P021,fin_p021_flow,2026-06-10T21:59:00+09:00,saving_milestone,followers,derived_from_ledger,이번 달 저축률 기록,6월 수입 대비 저축률 16.2% 달성,"{'like_count': 42, 'comment_count': 3, 'save_count': 11}"
P021-POST-002,P021,fin_p021_flow,2026-06-08T10:34:00+09:00,investment_trade,challenge_group,derived_from_ledger,포트폴리오 업데이트,"6월 투자 매수 76,100원, 보유 종목 1개","{'like_count': 14, 'comment_count': 9, 'save_count': 14}"
P022-POST-001,P022,fin_p022_save,2026-06-13T17:11:00+09:00,saving_milestone,challenge_group,derived_from_ledger,이번 달 저축률 기록,6월 수입 대비 저축률 15.2% 달성,"{'like_count': 47, 'comment_count': 13, 'save_count': 17}"
P022-POST-002,P022,fin_p022_save,2026-06-27T12:36:00+09:00,investment_trade,public,derived_from_ledger,포트폴리오 업데이트,"6월 투자 매수 426,200원, 보유 종목 2개","{'like_count': 45, 'comment_count': 13, 'save_count': 1}"
P023-POST-001,P023,fin_p023_save,2026-06-13T19:34:00+09:00,saving_milestone,followers,derived_from_ledger,이번 달 저축률 기록,6월 수입 대비 저축률 8.6% 달성,"{'like_count': 3, 'comment_count': 2, 'save_count': 16}"
P023-POST-002,P023,fin_p023_save,2026-06-25T18:15:00+09:00,investment_trade,challenge_group,derived_from_ledger,포트폴리오 업데이트,"6월 투자 매수 230,200원, 보유 종목 2개","{'like_count': 0, 'comment_count': 14, 'save_count': 1}"
P023-POST-003,P023,fin_p023_save,2026-06-20T18:07:00+09:00,spend_pattern,followers,derived_from_ledger,소비 카테고리 회고,가장 큰 소비 카테고리는 식비,"{'like_count': 63, 'comment_count': 7, 'save_count': 8}"
P024-POST-001,P024,fin_p024_flow,2026-06-24T08:24:00+09:00,saving_milestone,challenge_group,derived_from_ledger,이번 달 저축률 기록,6월 수입 대비 저축률 14.9% 달성,"{'like_count': 40, 'comment_count': 10, 'save_count': 2}"
P024-POST-002,P024,fin_p024_flow,2026-06-21T14:26:00+09:00,investment_trade,followers,derived_from_ledger,포트폴리오 업데이트,"6월 투자 매수 39,100원, 보유 종목 1개","{'like_count': 53, 'comment_count': 6, 'save_count': 17}"
P025-POST-001,P025,fin_p025_flow,2026-06-28T20:56:00+09:00,saving_milestone,followers,derived_from_ledger,이번 달 저축률 기록,6월 수입 대비 저축률 7.4% 달성,"{'like_count': 72, 'comment_count': 0, 'save_count': 1}"
P025-POST-002,P025,fin_p025_flow,2026-06-15T15:22:00+09:00,investment_trade,challenge_group,derived_from_ledger,포트폴리오 업데이트,"6월 투자 매수 203,200원, 보유 종목 2개","{'like_count': 74, 'comment_count': 6, 'save_count': 12}"
P025-POST-003,P025,fin_p025_flow,2026-06-29T09:41:00+09:00,spend_pattern,challenge_group,derived_from_ledger,소비 카테고리 회고,가장 큰 소비 카테고리는 교통,"{'like_count': 32, 'comment_count': 3, 'save_count': 16}"
P026-POST-001,P026,fin_p026_young,2026-06-12T23:17:00+09:00,saving_milestone,followers,derived_from_ledger,이번 달 저축률 기록,6월 수입 대비 저축률 5.5% 달성,"{'like_count': 7, 'comment_count': 10, 'save_count': 15}"
P027-POST-001,P027,fin_p027_folio,2026-06-13T16:17:00+09:00,saving_milestone,followers,derived_from_ledger,이번 달 저축률 기록,6월 수입 대비 저축률 13.9% 달성,"{'like_count': 71, 'comment_count': 14, 'save_count': 12}"
P027-POST-002,P027,fin_p027_folio,2026-06-25T23:38:00+09:00,investment_trade,public,derived_from_ledger,포트폴리오 업데이트,"6월 투자 매수 590,200원, 보유 종목 2개","{'like_count': 72, 'comment_count': 13, 'save_count': 9}"
P027-POST-003,P027,fin_p027_folio,2026-06-16T18:25:00+09:00,spend_pattern,public,derived_from_ledger,소비 카테고리 회고,가장 큰 소비 카테고리는 식비,"{'like_count': 5, 'comment_count': 2, 'save_count': 15}"
P028-POST-001,P028,fin_p028_save,2026-06-19T23:58:00+09:00,saving_milestone,challenge_group,derived_from_ledger,이번 달 저축률 기록,6월 수입 대비 저축률 14.1% 달성,"{'like_count': 3, 'comment_count': 5, 'save_count': 18}"
P028-POST-002,P028,fin_p028_save,2026-06-18T14:14:00+09:00,investment_trade,followers,derived_from_ledger,포트폴리오 업데이트,"6월 투자 매수 76,100원, 보유 종목 1개","{'like_count': 27, 'comment_count': 4, 'save_count': 5}"
P028-POST-003,P028,fin_p028_save,2026-06-21T16:51:00+09:00,spend_pattern,challenge_group,derived_from_ledger,소비 카테고리 회고,가장 큰 소비 카테고리는 교통,"{'like_count': 48, 'comment_count': 10, 'save_count': 12}"
P029-POST-001,P029,fin_p029_save,2026-06-28T19:32:00+09:00,saving_milestone,followers,derived_from_ledger,이번 달 저축률 기록,6월 수입 대비 저축률 6.6% 달성,"{'like_count': 70, 'comment_count': 11, 'save_count': 2}"
P029-POST-002,P029,fin_p029_save,2026-06-12T23:17:00+09:00,investment_trade,challenge_group,derived_from_ledger,포트폴리오 업데이트,"6월 투자 매수 36,100원, 보유 종목 1개","{'like_count': 48, 'comment_count': 3, 'save_count': 12}"
P029-POST-003,P029,fin_p029_save,2026-06-22T16:53:00+09:00,spend_pattern,challenge_group,derived_from_ledger,소비 카테고리 회고,가장 큰 소비 카테고리는 생활,"{'like_count': 75, 'comment_count': 8, 'save_count': 16}"
P030-POST-001,P030,fin_p030_flow,2026-06-24T09:44:00+09:00,saving_milestone,challenge_group,derived_from_ledger,이번 달 저축률 기록,6월 수입 대비 저축률 8.9% 달성,"{'like_count': 38, 'comment_count': 6, 'save_count': 1}"
P030-POST-002,P030,fin_p030_flow,2026-06-11T11:36:00+09:00,investment_trade,challenge_group,derived_from_ledger,포트폴리오 업데이트,"6월 투자 매수 76,100원, 보유 종목 1개","{'like_count': 27, 'comment_count': 7, 'save_count': 16}"
P030-POST-003,P030,fin_p030_flow,2026-06-07T09:25:00+09:00,spend_pattern,public,derived_from_ledger,소비 카테고리 회고,가장 큰 소비 카테고리는 생활,"{'like_count': 16, 'comment_count': 7, 'save_count': 7}"
P031-POST-001,P031,fin_p031_flow,2026-06-13T21:25:00+09:00,saving_milestone,challenge_group,derived_from_ledger,이번 달 저축률 기록,6월 수입 대비 저축률 4.9% 달성,"{'like_count': 31, 'comment_count': 6, 'save_count': 12}"
P031-POST-002,P031,fin_p031_flow,2026-06-25T08:22:00+09:00,investment_trade,public,derived_from_ledger,포트폴리오 업데이트,"6월 투자 매수 39,100원, 보유 종목 1개","{'like_count': 60, 'comment_count': 1, 'save_count': 13}"
P031-POST-003,P031,fin_p031_flow,2026-06-24T11:20:00+09:00,spend_pattern,challenge_group,derived_from_ledger,소비 카테고리 회고,가장 큰 소비 카테고리는 생활,"{'like_count': 73, 'comment_count': 9, 'save_count': 8}"
P032-POST-001,P032,fin_p032_young,2026-06-18T18:41:00+09:00,saving_milestone,public,derived_from_ledger,이번 달 저축률 기록,6월 수입 대비 저축률 9.3% 달성,"{'like_count': 18, 'comment_count': 0, 'save_count': 0}"
P034-POST-001,P034,fin_p034_folio,2026-06-22T11:11:00+09:00,saving_milestone,public,derived_from_ledger,이번 달 저축률 기록,6월 수입 대비 저축률 5.0% 달성,"{'like_count': 21, 'comment_count': 0, 'save_count': 2}"
P034-POST-002,P034,fin_p034_folio,2026-06-18T19:39:00+09:00,investment_trade,public,derived_from_ledger,포트폴리오 업데이트,"6월 투자 매수 115,100원, 보유 종목 1개","{'like_count': 26, 'comment_count': 9, 'save_count': 10}"
P035-POST-001,P035,fin_p035_daily,2026-06-18T14:38:00+09:00,saving_milestone,followers,derived_from_ledger,이번 달 저축률 기록,6월 수입 대비 저축률 9.8% 달성,"{'like_count': 52, 'comment_count': 11, 'save_count': 8}"
P035-POST-002,P035,fin_p035_daily,2026-06-12T13:33:00+09:00,investment_trade,followers,derived_from_ledger,포트폴리오 업데이트,"6월 투자 매수 39,100원, 보유 종목 1개","{'like_count': 20, 'comment_count': 6, 'save_count': 16}"
P035-POST-003,P035,fin_p035_daily,2026-06-16T11:04:00+09:00,spend_pattern,public,derived_from_ledger,소비 카테고리 회고,가장 큰 소비 카테고리는 카페/간식,"{'like_count': 7, 'comment_count': 7, 'save_count': 15}"
P036-POST-001,P036,fin_p036_young,2026-06-18T11:29:00+09:00,saving_milestone,public,derived_from_ledger,이번 달 저축률 기록,6월 수입 대비 저축률 6.2% 달성,"{'like_count': 47, 'comment_count': 8, 'save_count': 6}"
P036-POST-002,P036,fin_p036_young,2026-06-14T12:44:00+09:00,investment_trade,public,derived_from_ledger,포트폴리오 업데이트,"6월 투자 매수 115,100원, 보유 종목 1개","{'like_count': 41, 'comment_count': 5, 'save_count': 18}"
P036-POST-003,P036,fin_p036_young,2026-06-19T23:13:00+09:00,spend_pattern,challenge_group,derived_from_ledger,소비 카테고리 회고,가장 큰 소비 카테고리는 생활,"{'like_count': 11, 'comment_count': 11, 'save_count': 19}"
P039-POST-001,P039,fin_p039_daily,2026-06-24T11:51:00+09:00,saving_milestone,public,derived_from_ledger,이번 달 저축률 기록,6월 수입 대비 저축률 11.1% 달성,"{'like_count': 0, 'comment_count': 9, 'save_count': 9}"
P039-POST-002,P039,fin_p039_daily,2026-06-15T19:50:00+09:00,investment_trade,public,derived_from_ledger,포트폴리오 업데이트,"6월 투자 매수 76,100원, 보유 종목 1개","{'like_count': 6, 'comment_count': 7, 'save_count': 3}"
P040-POST-001,P040,fin_p040_young,2026-06-09T18:21:00+09:00,saving_milestone,public,derived_from_ledger,이번 달 저축률 기록,6월 수입 대비 저축률 4.3% 달성,"{'like_count': 12, 'comment_count': 11, 'save_count': 9}"
P040-POST-002,P040,fin_p040_young,2026-06-28T13:26:00+09:00,investment_trade,challenge_group,derived_from_ledger,포트폴리오 업데이트,"6월 투자 매수 39,100원, 보유 종목 1개","{'like_count': 35, 'comment_count': 11, 'save_count': 6}"
P040-POST-003,P040,fin_p040_young,2026-06-10T12:18:00+09:00,spend_pattern,challenge_group,derived_from_ledger,소비 카테고리 회고,가장 큰 소비 카테고리는 생활,"{'like_count': 15, 'comment_count': 8, 'save_count': 10}"
P041-POST-001,P041,fin_p041_flow,2026-06-23T19:57:00+09:00,saving_milestone,public,derived_from_ledger,이번 달 저축률 기록,6월 수입 대비 저축률 5.0% 달성,"{'like_count': 74, 'comment_count': 1, 'save_count': 18}"
P041-POST-002,P041,fin_p041_flow,2026-06-15T08:21:00+09:00,investment_trade,challenge_group,derived_from_ledger,포트폴리오 업데이트,"6월 투자 매수 39,100원, 보유 종목 1개","{'like_count': 62, 'comment_count': 4, 'save_count': 2}"
P041-POST-003,P041,fin_p041_flow,2026-06-26T09:06:00+09:00,spend_pattern,followers,derived_from_ledger,소비 카테고리 회고,가장 큰 소비 카테고리는 생활,"{'like_count': 56, 'comment_count': 0, 'save_count': 16}"
P042-POST-001,P042,fin_p042_save,2026-06-23T19:24:00+09:00,saving_milestone,challenge_group,derived_from_ledger,이번 달 저축률 기록,6월 수입 대비 저축률 5.4% 달성,"{'like_count': 76, 'comment_count': 13, 'save_count': 0}"
P042-POST-002,P042,fin_p042_save,2026-06-28T15:37:00+09:00,investment_trade,followers,derived_from_ledger,포트폴리오 업데이트,"6월 투자 매수 39,100원, 보유 종목 1개","{'like_count': 12, 'comment_count': 2, 'save_count': 10}"
P042-POST-003,P042,fin_p042_save,2026-06-18T10:37:00+09:00,spend_pattern,challenge_group,derived_from_ledger,소비 카테고리 회고,가장 큰 소비 카테고리는 생활,"{'like_count': 69, 'comment_count': 14, 'save_count': 16}"
P044-POST-001,P044,fin_p044_save,2026-06-13T21:08:00+09:00,saving_milestone,public,derived_from_ledger,이번 달 저축률 기록,6월 수입 대비 저축률 8.3% 달성,"{'like_count': 17, 'comment_count': 6, 'save_count': 20}"
P044-POST-002,P044,fin_p044_save,2026-06-09T17:32:00+09:00,investment_trade,public,derived_from_ledger,포트폴리오 업데이트,"6월 투자 매수 39,100원, 보유 종목 1개","{'like_count': 53, 'comment_count': 1, 'save_count': 2}"
P044-POST-003,P044,fin_p044_save,2026-06-11T09:48:00+09:00,spend_pattern,followers,derived_from_ledger,소비 카테고리 회고,가장 큰 소비 카테고리는 생활,"{'like_count': 48, 'comment_count': 5, 'save_count': 4}"
P045-POST-001,P045,fin_p045_daily,2026-06-09T19:52:00+09:00,saving_milestone,public,derived_from_ledger,이번 달 저축률 기록,6월 수입 대비 저축률 20.3% 달성,"{'like_count': 37, 'comment_count': 4, 'save_count': 2}"
P045-POST-002,P045,fin_p045_daily,2026-06-30T10:52:00+09:00,investment_trade,followers,derived_from_ledger,포트폴리오 업데이트,"6월 투자 매수 330,200원, 보유 종목 2개","{'like_count': 17, 'comment_count': 6, 'save_count': 17}"
P045-POST-003,P045,fin_p045_daily,2026-06-13T08:23:00+09:00,spend_pattern,followers,derived_from_ledger,소비 카테고리 회고,가장 큰 소비 카테고리는 식비,"{'like_count': 33, 'comment_count': 4, 'save_count': 10}"
P046-POST-001,P046,fin_p046_young,2026-06-10T13:29:00+09:00,saving_milestone,public,derived_from_ledger,이번 달 저축률 기록,6월 수입 대비 저축률 17.0% 달성,"{'like_count': 40, 'comment_count': 4, 'save_count': 17}"
P046-POST-002,P046,fin_p046_young,2026-06-29T08:47:00+09:00,investment_trade,followers,derived_from_ledger,포트폴리오 업데이트,"6월 투자 매수 445,200원, 보유 종목 2개","{'like_count': 45, 'comment_count': 13, 'save_count': 15}"
P047-POST-001,P047,fin_p047_daily,2026-06-18T19:16:00+09:00,saving_milestone,followers,derived_from_ledger,이번 달 저축률 기록,6월 수입 대비 저축률 15.7% 달성,"{'like_count': 10, 'comment_count': 9, 'save_count': 8}"
P047-POST-002,P047,fin_p047_daily,2026-06-09T08:55:00+09:00,investment_trade,challenge_group,derived_from_ledger,포트폴리오 업데이트,"6월 투자 매수 260,200원, 보유 종목 2개","{'like_count': 70, 'comment_count': 9, 'save_count': 10}"
P048-POST-001,P048,fin_p048_folio,2026-06-25T14:26:00+09:00,saving_milestone,challenge_group,derived_from_ledger,이번 달 저축률 기록,6월 수입 대비 저축률 34.6% 달성,"{'like_count': 39, 'comment_count': 7, 'save_count': 5}"
P048-POST-002,P048,fin_p048_folio,2026-06-14T09:30:00+09:00,investment_trade,challenge_group,derived_from_ledger,포트폴리오 업데이트,"6월 투자 매수 307,200원, 보유 종목 2개","{'like_count': 16, 'comment_count': 9, 'save_count': 10}"
P048-POST-003,P048,fin_p048_folio,2026-06-09T17:58:00+09:00,spend_pattern,challenge_group,derived_from_ledger,소비 카테고리 회고,가장 큰 소비 카테고리는 생활,"{'like_count': 69, 'comment_count': 14, 'save_count': 18}"
P049-POST-001,P049,fin_p049_save,2026-06-13T21:47:00+09:00,saving_milestone,followers,derived_from_ledger,이번 달 저축률 기록,6월 수입 대비 저축률 15.8% 달성,"{'like_count': 55, 'comment_count': 3, 'save_count': 6}"
P049-POST-002,P049,fin_p049_save,2026-06-15T20:21:00+09:00,investment_trade,followers,derived_from_ledger,포트폴리오 업데이트,"6월 투자 매수 195,100원, 보유 종목 1개","{'like_count': 67, 'comment_count': 2, 'save_count': 3}"
P049-POST-003,P049,fin_p049_save,2026-06-20T08:40:00+09:00,spend_pattern,public,derived_from_ledger,소비 카테고리 회고,가장 큰 소비 카테고리는 생활,"{'like_count': 73, 'comment_count': 13, 'save_count': 17}"
P050-POST-001,P050,fin_p050_young,2026-06-14T17:25:00+09:00,saving_milestone,public,derived_from_ledger,이번 달 저축률 기록,6월 수입 대비 저축률 12.6% 달성,"{'like_count': 70, 'comment_count': 7, 'save_count': 7}"
P050-POST-002,P050,fin_p050_young,2026-06-12T10:25:00+09:00,investment_trade,challenge_group,derived_from_ledger,포트폴리오 업데이트,"6월 투자 매수 314,200원, 보유 종목 2개","{'like_count': 40, 'comment_count': 13, 'save_count': 17}"
P050-POST-003,P050,fin_p050_young,2026-06-23T14:43:00+09:00,spend_pattern,challenge_group,derived_from_ledger,소비 카테고리 회고,가장 큰 소비 카테고리는 식비,"{'like_count': 73, 'comment_count': 5, 'save_count': 19}"
P051-POST-001,P051,fin_p051_flow,2026-06-28T12:35:00+09:00,saving_milestone,public,derived_from_ledger,이번 달 저축률 기록,6월 수입 대비 저축률 20.2% 달성,"{'like_count': 66, 'comment_count': 10, 'save_count': 9}"
P051-POST-002,P051,fin_p051_flow,2026-06-30T17:52:00+09:00,investment_trade,followers,derived_from_ledger,포트폴리오 업데이트,"6월 투자 매수 228,100원, 보유 종목 1개","{'like_count': 60, 'comment_count': 1, 'save_count': 2}"
P051-POST-003,P051,fin_p051_flow,2026-06-23T17:19:00+09:00,spend_pattern,challenge_group,derived_from_ledger,소비 카테고리 회고,가장 큰 소비 카테고리는 생활,"{'like_count': 38, 'comment_count': 13, 'save_count': 2}"
P052-POST-001,P052,fin_p052_folio,2026-06-27T13:50:00+09:00,saving_milestone,followers,derived_from_ledger,이번 달 저축률 기록,6월 수입 대비 저축률 34.6% 달성,"{'like_count': 9, 'comment_count': 10, 'save_count': 1}"
P052-POST-002,P052,fin_p052_folio,2026-06-14T10:23:00+09:00,investment_trade,challenge_group,derived_from_ledger,포트폴리오 업데이트,"6월 투자 매수 368,200원, 보유 종목 2개","{'like_count': 76, 'comment_count': 12, 'save_count': 2}"
P053-POST-001,P053,fin_p053_young,2026-06-26T22:03:00+09:00,saving_milestone,followers,derived_from_ledger,이번 달 저축률 기록,6월 수입 대비 저축률 26.6% 달성,"{'like_count': 47, 'comment_count': 7, 'save_count': 9}"
P053-POST-002,P053,fin_p053_young,2026-06-22T20:41:00+09:00,investment_trade,public,derived_from_ledger,포트폴리오 업데이트,"6월 투자 매수 590,200원, 보유 종목 2개","{'like_count': 5, 'comment_count': 1, 'save_count': 2}"
P053-POST-003,P053,fin_p053_young,2026-06-20T11:15:00+09:00,spend_pattern,followers,derived_from_ledger,소비 카테고리 회고,가장 큰 소비 카테고리는 생활,"{'like_count': 79, 'comment_count': 13, 'save_count': 16}"
P055-POST-001,P055,fin_p055_save,2026-06-25T12:29:00+09:00,saving_milestone,challenge_group,derived_from_ledger,이번 달 저축률 기록,6월 수입 대비 저축률 21.2% 달성,"{'like_count': 32, 'comment_count': 5, 'save_count': 16}"
P056-POST-001,P056,fin_p056_daily,2026-06-24T12:06:00+09:00,saving_milestone,challenge_group,derived_from_ledger,이번 달 저축률 기록,6월 수입 대비 저축률 21.9% 달성,"{'like_count': 50, 'comment_count': 1, 'save_count': 18}"
P056-POST-002,P056,fin_p056_daily,2026-06-25T09:08:00+09:00,investment_trade,public,derived_from_ledger,포트폴리오 업데이트,"6월 투자 매수 480,200원, 보유 종목 2개","{'like_count': 19, 'comment_count': 11, 'save_count': 9}"
P056-POST-003,P056,fin_p056_daily,2026-06-26T20:02:00+09:00,spend_pattern,challenge_group,derived_from_ledger,소비 카테고리 회고,가장 큰 소비 카테고리는 생활,"{'like_count': 72, 'comment_count': 6, 'save_count': 13}"
P057-POST-001,P057,fin_p057_folio,2026-06-18T18:31:00+09:00,saving_milestone,followers,derived_from_ledger,이번 달 저축률 기록,6월 수입 대비 저축률 20.0% 달성,"{'like_count': 50, 'comment_count': 9, 'save_count': 4}"
P057-POST-002,P057,fin_p057_folio,2026-06-12T22:21:00+09:00,investment_trade,followers,derived_from_ledger,포트폴리오 업데이트,"6월 투자 매수 398,200원, 보유 종목 2개","{'like_count': 45, 'comment_count': 3, 'save_count': 7}"
P057-POST-003,P057,fin_p057_folio,2026-06-26T10:15:00+09:00,spend_pattern,public,derived_from_ledger,소비 카테고리 회고,가장 큰 소비 카테고리는 생활,"{'like_count': 13, 'comment_count': 12, 'save_count': 3}"
P058-POST-001,P058,fin_p058_flow,2026-06-09T22:01:00+09:00,saving_milestone,challenge_group,derived_from_ledger,이번 달 저축률 기록,6월 수입 대비 저축률 15.6% 달성,"{'like_count': 16, 'comment_count': 2, 'save_count': 7}"
P058-POST-002,P058,fin_p058_flow,2026-06-07T11:51:00+09:00,investment_trade,challenge_group,derived_from_ledger,포트폴리오 업데이트,"6월 투자 매수 271,200원, 보유 종목 2개","{'like_count': 64, 'comment_count': 7, 'save_count': 11}"
P059-POST-001,P059,fin_p059_folio,2026-06-20T11:03:00+09:00,saving_milestone,followers,derived_from_ledger,이번 달 저축률 기록,6월 수입 대비 저축률 25.5% 달성,"{'like_count': 31, 'comment_count': 12, 'save_count': 5}"
P059-POST-002,P059,fin_p059_folio,2026-06-28T11:06:00+09:00,investment_trade,followers,derived_from_ledger,포트폴리오 업데이트,"6월 투자 매수 426,200원, 보유 종목 2개","{'like_count': 57, 'comment_count': 5, 'save_count': 15}"
P059-POST-003,P059,fin_p059_folio,2026-06-23T08:39:00+09:00,spend_pattern,followers,derived_from_ledger,소비 카테고리 회고,가장 큰 소비 카테고리는 식비,"{'like_count': 17, 'comment_count': 5, 'save_count': 8}"
P060-POST-001,P060,fin_p060_young,2026-06-27T11:02:00+09:00,saving_milestone,followers,derived_from_ledger,이번 달 저축률 기록,6월 수입 대비 저축률 23.5% 달성,"{'like_count': 60, 'comment_count': 7, 'save_count': 14}"
P060-POST-002,P060,fin_p060_young,2026-06-11T14:45:00+09:00,investment_trade,followers,derived_from_ledger,포트폴리오 업데이트,"6월 투자 매수 546,100원, 보유 종목 1개","{'like_count': 49, 'comment_count': 13, 'save_count': 13}"
P061-POST-001,P061,fin_p061_young,2026-06-08T14:26:00+09:00,saving_milestone,followers,derived_from_ledger,이번 달 저축률 기록,6월 수입 대비 저축률 12.5% 달성,"{'like_count': 5, 'comment_count': 12, 'save_count': 3}"
P061-POST-002,P061,fin_p061_young,2026-06-17T20:00:00+09:00,investment_trade,challenge_group,derived_from_ledger,포트폴리오 업데이트,"6월 투자 매수 345,100원, 보유 종목 1개","{'like_count': 9, 'comment_count': 6, 'save_count': 1}"
P061-POST-003,P061,fin_p061_young,2026-06-25T22:49:00+09:00,spend_pattern,public,derived_from_ledger,소비 카테고리 회고,가장 큰 소비 카테고리는 생활,"{'like_count': 4, 'comment_count': 1, 'save_count': 5}"
P062-POST-001,P062,fin_p062_daily,2026-06-07T20:58:00+09:00,saving_milestone,followers,derived_from_ledger,이번 달 저축률 기록,6월 수입 대비 저축률 12.4% 달성,"{'like_count': 68, 'comment_count': 0, 'save_count': 2}"
P062-POST-002,P062,fin_p062_daily,2026-06-10T11:29:00+09:00,investment_trade,challenge_group,derived_from_ledger,포트폴리오 업데이트,"6월 투자 매수 320,200원, 보유 종목 2개","{'like_count': 40, 'comment_count': 6, 'save_count': 12}"
P062-POST-003,P062,fin_p062_daily,2026-06-29T23:53:00+09:00,spend_pattern,followers,derived_from_ledger,소비 카테고리 회고,가장 큰 소비 카테고리는 식비,"{'like_count': 71, 'comment_count': 10, 'save_count': 20}"
P063-POST-001,P063,fin_p063_folio,2026-06-07T19:20:00+09:00,saving_milestone,public,derived_from_ledger,이번 달 저축률 기록,6월 수입 대비 저축률 34.8% 달성,"{'like_count': 24, 'comment_count': 10, 'save_count': 10}"
P063-POST-002,P063,fin_p063_folio,2026-06-27T08:59:00+09:00,investment_trade,challenge_group,derived_from_ledger,포트폴리오 업데이트,"6월 투자 매수 355,200원, 보유 종목 2개","{'like_count': 11, 'comment_count': 6, 'save_count': 14}"
P064-POST-001,P064,fin_p064_folio,2026-06-30T09:33:00+09:00,saving_milestone,followers,derived_from_ledger,이번 달 저축률 기록,6월 수입 대비 저축률 27.6% 달성,"{'like_count': 65, 'comment_count': 9, 'save_count': 0}"
P064-POST-002,P064,fin_p064_folio,2026-06-14T15:29:00+09:00,investment_trade,challenge_group,derived_from_ledger,포트폴리오 업데이트,"6월 투자 매수 224,200원, 보유 종목 2개","{'like_count': 15, 'comment_count': 14, 'save_count': 0}"
P064-POST-003,P064,fin_p064_folio,2026-06-22T08:32:00+09:00,spend_pattern,followers,derived_from_ledger,소비 카테고리 회고,가장 큰 소비 카테고리는 식비,"{'like_count': 13, 'comment_count': 4, 'save_count': 19}"
P065-POST-001,P065,fin_p065_flow,2026-06-12T20:05:00+09:00,saving_milestone,challenge_group,derived_from_ledger,이번 달 저축률 기록,6월 수입 대비 저축률 28.7% 달성,"{'like_count': 51, 'comment_count': 12, 'save_count': 11}"
P065-POST-002,P065,fin_p065_flow,2026-06-17T10:58:00+09:00,investment_trade,followers,derived_from_ledger,포트폴리오 업데이트,"6월 투자 매수 198,200원, 보유 종목 2개","{'like_count': 0, 'comment_count': 12, 'save_count': 11}"
P066-POST-001,P066,fin_p066_save,2026-06-07T11:15:00+09:00,saving_milestone,public,derived_from_ledger,이번 달 저축률 기록,6월 수입 대비 저축률 30.1% 달성,"{'like_count': 44, 'comment_count': 4, 'save_count': 2}"
P066-POST-002,P066,fin_p066_save,2026-06-16T15:39:00+09:00,investment_trade,challenge_group,derived_from_ledger,포트폴리오 업데이트,"6월 투자 매수 360,100원, 보유 종목 1개","{'like_count': 75, 'comment_count': 7, 'save_count': 9}"
P066-POST-003,P066,fin_p066_save,2026-06-24T20:43:00+09:00,spend_pattern,followers,derived_from_ledger,소비 카테고리 회고,가장 큰 소비 카테고리는 카페/간식,"{'like_count': 70, 'comment_count': 0, 'save_count': 11}"
P067-POST-001,P067,fin_p067_flow,2026-06-26T18:04:00+09:00,saving_milestone,followers,derived_from_ledger,이번 달 저축률 기록,6월 수입 대비 저축률 19.6% 달성,"{'like_count': 70, 'comment_count': 1, 'save_count': 8}"
P067-POST-002,P067,fin_p067_flow,2026-06-30T22:34:00+09:00,investment_trade,public,derived_from_ledger,포트폴리오 업데이트,"6월 투자 매수 396,100원, 보유 종목 1개","{'like_count': 35, 'comment_count': 3, 'save_count': 4}"
P067-POST-003,P067,fin_p067_flow,2026-06-13T15:23:00+09:00,spend_pattern,public,derived_from_ledger,소비 카테고리 회고,가장 큰 소비 카테고리는 식비,"{'like_count': 70, 'comment_count': 2, 'save_count': 12}"
P068-POST-001,P068,fin_p068_young,2026-06-21T22:59:00+09:00,saving_milestone,followers,derived_from_ledger,이번 달 저축률 기록,6월 수입 대비 저축률 33.6% 달성,"{'like_count': 21, 'comment_count': 2, 'save_count': 8}"
P068-POST-002,P068,fin_p068_young,2026-06-30T18:20:00+09:00,investment_trade,challenge_group,derived_from_ledger,포트폴리오 업데이트,"6월 투자 매수 368,200원, 보유 종목 2개","{'like_count': 45, 'comment_count': 1, 'save_count': 7}"
P069-POST-001,P069,fin_p069_young,2026-06-25T16:54:00+09:00,saving_milestone,public,derived_from_ledger,이번 달 저축률 기록,6월 수입 대비 저축률 21.3% 달성,"{'like_count': 65, 'comment_count': 1, 'save_count': 16}"
P069-POST-002,P069,fin_p069_young,2026-06-10T14:46:00+09:00,investment_trade,challenge_group,derived_from_ledger,포트폴리오 업데이트,"6월 투자 매수 345,100원, 보유 종목 1개","{'like_count': 30, 'comment_count': 8, 'save_count': 14}"
P069-POST-003,P069,fin_p069_young,2026-06-14T21:33:00+09:00,spend_pattern,followers,derived_from_ledger,소비 카테고리 회고,가장 큰 소비 카테고리는 생활,"{'like_count': 31, 'comment_count': 0, 'save_count': 19}"
P071-POST-001,P071,fin_p071_young,2026-06-18T17:06:00+09:00,saving_milestone,challenge_group,derived_from_ledger,이번 달 저축률 기록,6월 수입 대비 저축률 24.8% 달성,"{'like_count': 78, 'comment_count': 1, 'save_count': 18}"
P071-POST-002,P071,fin_p071_young,2026-06-09T12:33:00+09:00,investment_trade,followers,derived_from_ledger,포트폴리오 업데이트,"6월 투자 매수 270,100원, 보유 종목 1개","{'like_count': 69, 'comment_count': 0, 'save_count': 1}"
P071-POST-003,P071,fin_p071_young,2026-06-12T23:41:00+09:00,spend_pattern,challenge_group,derived_from_ledger,소비 카테고리 회고,가장 큰 소비 카테고리는 식비,"{'like_count': 20, 'comment_count': 4, 'save_count': 8}"
P072-POST-001,P072,fin_p072_young,2026-06-25T17:21:00+09:00,saving_milestone,challenge_group,derived_from_ledger,이번 달 저축률 기록,6월 수입 대비 저축률 19.9% 달성,"{'like_count': 78, 'comment_count': 5, 'save_count': 16}"
P072-POST-002,P072,fin_p072_young,2026-06-27T23:55:00+09:00,investment_trade,followers,derived_from_ledger,포트폴리오 업데이트,"6월 투자 매수 396,200원, 보유 종목 2개","{'like_count': 76, 'comment_count': 10, 'save_count': 7}"
P072-POST-003,P072,fin_p072_young,2026-06-15T09:16:00+09:00,spend_pattern,challenge_group,derived_from_ledger,소비 카테고리 회고,가장 큰 소비 카테고리는 식비,"{'like_count': 76, 'comment_count': 8, 'save_count': 9}"
P073-POST-001,P073,fin_p073_daily,2026-06-16T18:24:00+09:00,saving_milestone,challenge_group,derived_from_ledger,이번 달 저축률 기록,6월 수입 대비 저축률 12.4% 달성,"{'like_count': 31, 'comment_count': 7, 'save_count': 11}"
P073-POST-002,P073,fin_p073_daily,2026-06-08T14:10:00+09:00,investment_trade,challenge_group,derived_from_ledger,포트폴리오 업데이트,"6월 투자 매수 440,200원, 보유 종목 2개","{'like_count': 50, 'comment_count': 2, 'save_count': 7}"
P073-POST-003,P073,fin_p073_daily,2026-06-07T12:28:00+09:00,spend_pattern,public,derived_from_ledger,소비 카테고리 회고,가장 큰 소비 카테고리는 식비,"{'like_count': 42, 'comment_count': 2, 'save_count': 2}"
P074-POST-001,P074,fin_p074_folio,2026-06-22T18:51:00+09:00,saving_milestone,public,derived_from_ledger,이번 달 저축률 기록,6월 수입 대비 저축률 33.1% 달성,"{'like_count': 76, 'comment_count': 11, 'save_count': 12}"
P074-POST-002,P074,fin_p074_folio,2026-06-15T16:32:00+09:00,investment_trade,challenge_group,derived_from_ledger,포트폴리오 업데이트,"6월 투자 매수 535,200원, 보유 종목 2개","{'like_count': 69, 'comment_count': 8, 'save_count': 13}"
P074-POST-003,P074,fin_p074_folio,2026-06-26T18:45:00+09:00,spend_pattern,followers,derived_from_ledger,소비 카테고리 회고,가장 큰 소비 카테고리는 생활,"{'like_count': 51, 'comment_count': 3, 'save_count': 17}"
P075-POST-001,P075,fin_p075_daily,2026-06-08T10:07:00+09:00,saving_milestone,challenge_group,derived_from_ledger,이번 달 저축률 기록,6월 수입 대비 저축률 16.8% 달성,"{'like_count': 80, 'comment_count': 6, 'save_count': 3}"
P076-POST-001,P076,fin_p076_daily,2026-06-18T12:13:00+09:00,saving_milestone,public,derived_from_ledger,이번 달 저축률 기록,6월 수입 대비 저축률 36.9% 달성,"{'like_count': 26, 'comment_count': 9, 'save_count': 11}"
P077-POST-001,P077,fin_p077_save,2026-06-28T23:05:00+09:00,saving_milestone,followers,derived_from_ledger,이번 달 저축률 기록,6월 수입 대비 저축률 18.4% 달성,"{'like_count': 32, 'comment_count': 14, 'save_count': 15}"
P077-POST-002,P077,fin_p077_save,2026-06-14T19:09:00+09:00,investment_trade,public,derived_from_ledger,포트폴리오 업데이트,"6월 투자 매수 852,200원, 보유 종목 2개","{'like_count': 1, 'comment_count': 0, 'save_count': 6}"
P077-POST-003,P077,fin_p077_save,2026-06-30T16:12:00+09:00,spend_pattern,public,derived_from_ledger,소비 카테고리 회고,가장 큰 소비 카테고리는 온라인쇼핑,"{'like_count': 28, 'comment_count': 0, 'save_count': 4}"
P078-POST-001,P078,fin_p078_young,2026-06-19T14:13:00+09:00,saving_milestone,public,derived_from_ledger,이번 달 저축률 기록,6월 수입 대비 저축률 36.8% 달성,"{'like_count': 36, 'comment_count': 1, 'save_count': 9}"
P078-POST-002,P078,fin_p078_young,2026-06-21T14:00:00+09:00,investment_trade,public,derived_from_ledger,포트폴리오 업데이트,"6월 투자 매수 552,200원, 보유 종목 2개","{'like_count': 24, 'comment_count': 5, 'save_count': 13}"
P078-POST-003,P078,fin_p078_young,2026-06-13T08:37:00+09:00,spend_pattern,followers,derived_from_ledger,소비 카테고리 회고,가장 큰 소비 카테고리는 온라인쇼핑,"{'like_count': 63, 'comment_count': 1, 'save_count': 3}"
P079-POST-001,P079,fin_p079_folio,2026-06-13T08:48:00+09:00,saving_milestone,followers,derived_from_ledger,이번 달 저축률 기록,6월 수입 대비 저축률 41.8% 달성,"{'like_count': 71, 'comment_count': 13, 'save_count': 6}"
P079-POST-002,P079,fin_p079_folio,2026-06-12T09:50:00+09:00,investment_trade,followers,derived_from_ledger,포트폴리오 업데이트,"6월 투자 매수 390,100원, 보유 종목 1개","{'like_count': 13, 'comment_count': 9, 'save_count': 10}"
P079-POST-003,P079,fin_p079_folio,2026-06-11T18:51:00+09:00,spend_pattern,public,derived_from_ledger,소비 카테고리 회고,가장 큰 소비 카테고리는 온라인쇼핑,"{'like_count': 43, 'comment_count': 7, 'save_count': 6}"
P080-POST-001,P080,fin_p080_young,2026-06-07T10:28:00+09:00,saving_milestone,challenge_group,derived_from_ledger,이번 달 저축률 기록,6월 수입 대비 저축률 33.3% 달성,"{'like_count': 6, 'comment_count': 2, 'save_count': 1}"
P080-POST-002,P080,fin_p080_young,2026-06-22T16:45:00+09:00,investment_trade,followers,derived_from_ledger,포트폴리오 업데이트,"6월 투자 매수 513,200원, 보유 종목 2개","{'like_count': 48, 'comment_count': 7, 'save_count': 20}"
P080-POST-003,P080,fin_p080_young,2026-06-14T08:33:00+09:00,spend_pattern,public,derived_from_ledger,소비 카테고리 회고,가장 큰 소비 카테고리는 생활,"{'like_count': 52, 'comment_count': 14, 'save_count': 9}"
P081-POST-001,P081,fin_p081_daily,2026-06-29T20:10:00+09:00,saving_milestone,followers,derived_from_ledger,이번 달 저축률 기록,6월 수입 대비 저축률 39.6% 달성,"{'like_count': 77, 'comment_count': 8, 'save_count': 1}"
P081-POST-002,P081,fin_p081_daily,2026-06-17T20:23:00+09:00,investment_trade,followers,derived_from_ledger,포트폴리오 업데이트,"6월 투자 매수 279,200원, 보유 종목 2개","{'like_count': 62, 'comment_count': 14, 'save_count': 19}"
P081-POST-003,P081,fin_p081_daily,2026-06-13T17:49:00+09:00,spend_pattern,challenge_group,derived_from_ledger,소비 카테고리 회고,가장 큰 소비 카테고리는 온라인쇼핑,"{'like_count': 29, 'comment_count': 10, 'save_count': 4}"
P082-POST-001,P082,fin_p082_daily,2026-06-14T20:28:00+09:00,saving_milestone,challenge_group,derived_from_ledger,이번 달 저축률 기록,6월 수입 대비 저축률 20.3% 달성,"{'like_count': 35, 'comment_count': 14, 'save_count': 3}"
P082-POST-002,P082,fin_p082_daily,2026-06-10T18:18:00+09:00,investment_trade,followers,derived_from_ledger,포트폴리오 업데이트,"6월 투자 매수 603,300원, 보유 종목 3개","{'like_count': 6, 'comment_count': 5, 'save_count': 18}"
P083-POST-001,P083,fin_p083_daily,2026-06-29T09:50:00+09:00,saving_milestone,challenge_group,derived_from_ledger,이번 달 저축률 기록,6월 수입 대비 저축률 32.5% 달성,"{'like_count': 61, 'comment_count': 1, 'save_count': 2}"
P083-POST-002,P083,fin_p083_daily,2026-06-14T08:32:00+09:00,investment_trade,challenge_group,derived_from_ledger,포트폴리오 업데이트,"6월 투자 매수 532,100원, 보유 종목 1개","{'like_count': 35, 'comment_count': 6, 'save_count': 18}"
P083-POST-003,P083,fin_p083_daily,2026-06-26T23:46:00+09:00,spend_pattern,challenge_group,derived_from_ledger,소비 카테고리 회고,가장 큰 소비 카테고리는 생활,"{'like_count': 64, 'comment_count': 5, 'save_count': 0}"
P084-POST-001,P084,fin_p084_daily,2026-06-18T09:09:00+09:00,saving_milestone,followers,derived_from_ledger,이번 달 저축률 기록,6월 수입 대비 저축률 40.9% 달성,"{'like_count': 48, 'comment_count': 11, 'save_count': 2}"
P084-POST-002,P084,fin_p084_daily,2026-06-19T14:36:00+09:00,investment_trade,public,derived_from_ledger,포트폴리오 업데이트,"6월 투자 매수 649,200원, 보유 종목 2개","{'like_count': 40, 'comment_count': 10, 'save_count': 3}"
P084-POST-003,P084,fin_p084_daily,2026-06-12T09:23:00+09:00,spend_pattern,challenge_group,derived_from_ledger,소비 카테고리 회고,가장 큰 소비 카테고리는 생활,"{'like_count': 50, 'comment_count': 4, 'save_count': 2}"
P085-POST-001,P085,fin_p085_save,2026-06-23T13:55:00+09:00,saving_milestone,followers,derived_from_ledger,이번 달 저축률 기록,6월 수입 대비 저축률 32.5% 달성,"{'like_count': 36, 'comment_count': 7, 'save_count': 5}"
P085-POST-002,P085,fin_p085_save,2026-06-16T12:34:00+09:00,investment_trade,followers,derived_from_ledger,포트폴리오 업데이트,"6월 투자 매수 695,300원, 보유 종목 3개","{'like_count': 13, 'comment_count': 3, 'save_count': 3}"
P086-POST-001,P086,fin_p086_save,2026-06-19T15:10:00+09:00,saving_milestone,public,derived_from_ledger,이번 달 저축률 기록,6월 수입 대비 저축률 34.4% 달성,"{'like_count': 14, 'comment_count': 4, 'save_count': 11}"
P086-POST-002,P086,fin_p086_save,2026-06-23T15:25:00+09:00,investment_trade,public,derived_from_ledger,포트폴리오 업데이트,"6월 투자 매수 415,200원, 보유 종목 2개","{'like_count': 55, 'comment_count': 11, 'save_count': 15}"
P086-POST-003,P086,fin_p086_save,2026-06-25T17:59:00+09:00,spend_pattern,challenge_group,derived_from_ledger,소비 카테고리 회고,가장 큰 소비 카테고리는 식비,"{'like_count': 44, 'comment_count': 9, 'save_count': 17}"
P087-POST-001,P087,fin_p087_flow,2026-06-09T15:11:00+09:00,saving_milestone,public,derived_from_ledger,이번 달 저축률 기록,6월 수입 대비 저축률 35.4% 달성,"{'like_count': 28, 'comment_count': 11, 'save_count': 4}"
P087-POST-002,P087,fin_p087_flow,2026-06-11T18:23:00+09:00,investment_trade,challenge_group,derived_from_ledger,포트폴리오 업데이트,"6월 투자 매수 377,200원, 보유 종목 2개","{'like_count': 20, 'comment_count': 3, 'save_count': 5}"
P088-POST-001,P088,fin_p088_daily,2026-06-24T21:39:00+09:00,saving_milestone,followers,derived_from_ledger,이번 달 저축률 기록,6월 수입 대비 저축률 39.7% 달성,"{'like_count': 42, 'comment_count': 13, 'save_count': 20}"
P088-POST-002,P088,fin_p088_daily,2026-06-08T22:23:00+09:00,investment_trade,challenge_group,derived_from_ledger,포트폴리오 업데이트,"6월 투자 매수 811,300원, 보유 종목 3개","{'like_count': 79, 'comment_count': 2, 'save_count': 6}"
P088-POST-003,P088,fin_p088_daily,2026-06-16T12:28:00+09:00,spend_pattern,public,derived_from_ledger,소비 카테고리 회고,가장 큰 소비 카테고리는 온라인쇼핑,"{'like_count': 69, 'comment_count': 2, 'save_count': 14}"
P089-POST-001,P089,fin_p089_young,2026-06-08T14:17:00+09:00,saving_milestone,followers,derived_from_ledger,이번 달 저축률 기록,6월 수입 대비 저축률 19.1% 달성,"{'like_count': 68, 'comment_count': 8, 'save_count': 11}"
P089-POST-002,P089,fin_p089_young,2026-06-12T18:56:00+09:00,investment_trade,public,derived_from_ledger,포트폴리오 업데이트,"6월 투자 매수 390,200원, 보유 종목 2개","{'like_count': 70, 'comment_count': 6, 'save_count': 0}"
P089-POST-003,P089,fin_p089_young,2026-06-10T15:36:00+09:00,spend_pattern,public,derived_from_ledger,소비 카테고리 회고,가장 큰 소비 카테고리는 생활,"{'like_count': 23, 'comment_count': 11, 'save_count': 7}"
P090-POST-001,P090,fin_p090_folio,2026-06-21T21:13:00+09:00,saving_milestone,followers,derived_from_ledger,이번 달 저축률 기록,6월 수입 대비 저축률 31.7% 달성,"{'like_count': 54, 'comment_count': 1, 'save_count': 11}"
P091-POST-001,P091,fin_p091_daily,2026-06-18T13:29:00+09:00,saving_milestone,followers,derived_from_ledger,이번 달 저축률 기록,6월 수입 대비 저축률 38.7% 달성,"{'like_count': 67, 'comment_count': 7, 'save_count': 20}"
P091-POST-002,P091,fin_p091_daily,2026-06-14T20:56:00+09:00,investment_trade,followers,derived_from_ledger,포트폴리오 업데이트,"6월 투자 매수 618,200원, 보유 종목 2개","{'like_count': 51, 'comment_count': 12, 'save_count': 0}"
P091-POST-003,P091,fin_p091_daily,2026-06-19T22:07:00+09:00,spend_pattern,public,derived_from_ledger,소비 카테고리 회고,가장 큰 소비 카테고리는 온라인쇼핑,"{'like_count': 11, 'comment_count': 7, 'save_count': 12}"
P092-POST-001,P092,fin_p092_flow,2026-06-23T20:47:00+09:00,saving_milestone,followers,derived_from_ledger,이번 달 저축률 기록,6월 수입 대비 저축률 22.4% 달성,"{'like_count': 77, 'comment_count': 8, 'save_count': 7}"
P092-POST-002,P092,fin_p092_flow,2026-06-12T22:23:00+09:00,investment_trade,followers,derived_from_ledger,포트폴리오 업데이트,"6월 투자 매수 647,300원, 보유 종목 3개","{'like_count': 49, 'comment_count': 13, 'save_count': 19}"
P092-POST-003,P092,fin_p092_flow,2026-06-23T18:47:00+09:00,spend_pattern,challenge_group,derived_from_ledger,소비 카테고리 회고,가장 큰 소비 카테고리는 온라인쇼핑,"{'like_count': 63, 'comment_count': 14, 'save_count': 12}"
P093-POST-001,P093,fin_p093_save,2026-06-23T21:34:00+09:00,saving_milestone,public,derived_from_ledger,이번 달 저축률 기록,6월 수입 대비 저축률 30.5% 달성,"{'like_count': 51, 'comment_count': 11, 'save_count': 3}"
P093-POST-002,P093,fin_p093_save,2026-06-15T14:38:00+09:00,investment_trade,challenge_group,derived_from_ledger,포트폴리오 업데이트,"6월 투자 매수 729,200원, 보유 종목 2개","{'like_count': 37, 'comment_count': 5, 'save_count': 2}"
P094-POST-001,P094,fin_p094_save,2026-06-10T12:40:00+09:00,saving_milestone,challenge_group,derived_from_ledger,이번 달 저축률 기록,6월 수입 대비 저축률 28.2% 달성,"{'like_count': 36, 'comment_count': 9, 'save_count': 9}"
P094-POST-002,P094,fin_p094_save,2026-06-22T21:57:00+09:00,investment_trade,public,derived_from_ledger,포트폴리오 업데이트,"6월 투자 매수 306,100원, 보유 종목 1개","{'like_count': 67, 'comment_count': 11, 'save_count': 6}"
P095-POST-001,P095,fin_p095_young,2026-06-28T23:16:00+09:00,saving_milestone,public,derived_from_ledger,이번 달 저축률 기록,6월 수입 대비 저축률 23.0% 달성,"{'like_count': 43, 'comment_count': 13, 'save_count': 19}"
P095-POST-002,P095,fin_p095_young,2026-06-18T22:09:00+09:00,investment_trade,challenge_group,derived_from_ledger,포트폴리오 업데이트,"6월 투자 매수 535,200원, 보유 종목 2개","{'like_count': 33, 'comment_count': 6, 'save_count': 12}"
P095-POST-003,P095,fin_p095_young,2026-06-11T16:19:00+09:00,spend_pattern,challenge_group,derived_from_ledger,소비 카테고리 회고,가장 큰 소비 카테고리는 온라인쇼핑,"{'like_count': 60, 'comment_count': 8, 'save_count': 15}"
P096-POST-001,P096,fin_p096_save,2026-06-22T15:32:00+09:00,saving_milestone,challenge_group,derived_from_ledger,이번 달 저축률 기록,6월 수입 대비 저축률 33.0% 달성,"{'like_count': 64, 'comment_count': 5, 'save_count': 17}"
P096-POST-002,P096,fin_p096_save,2026-06-24T22:23:00+09:00,investment_trade,challenge_group,derived_from_ledger,포트폴리오 업데이트,"6월 투자 매수 456,100원, 보유 종목 1개","{'like_count': 1, 'comment_count': 1, 'save_count': 6}"
P097-POST-001,P097,fin_p097_folio,2026-06-23T17:30:00+09:00,saving_milestone,public,derived_from_ledger,이번 달 저축률 기록,6월 수입 대비 저축률 37.0% 달성,"{'like_count': 44, 'comment_count': 13, 'save_count': 4}"
P097-POST-002,P097,fin_p097_folio,2026-06-17T17:36:00+09:00,investment_trade,public,derived_from_ledger,포트폴리오 업데이트,"6월 투자 매수 355,200원, 보유 종목 2개","{'like_count': 25, 'comment_count': 7, 'save_count': 10}"
P098-POST-001,P098,fin_p098_young,2026-06-24T10:58:00+09:00,saving_milestone,followers,derived_from_ledger,이번 달 저축률 기록,6월 수입 대비 저축률 25.2% 달성,"{'like_count': 67, 'comment_count': 3, 'save_count': 7}"
P098-POST-002,P098,fin_p098_young,2026-06-08T08:06:00+09:00,investment_trade,challenge_group,derived_from_ledger,포트폴리오 업데이트,"6월 투자 매수 414,100원, 보유 종목 1개","{'like_count': 46, 'comment_count': 13, 'save_count': 3}"
P099-POST-001,P099,fin_p099_save,2026-06-17T16:56:00+09:00,saving_milestone,challenge_group,derived_from_ledger,이번 달 저축률 기록,6월 수입 대비 저축률 39.9% 달성,"{'like_count': 55, 'comment_count': 4, 'save_count': 5}"
P100-POST-001,P100,fin_p100_folio,2026-06-28T19:08:00+09:00,saving_milestone,challenge_group,derived_from_ledger,이번 달 저축률 기록,6월 수입 대비 저축률 25.4% 달성,"{'like_count': 66, 'comment_count': 13, 'save_count': 0}"
P100-POST-002,P100,fin_p100_folio,2026-06-29T16:17:00+09:00,investment_trade,followers,derived_from_ledger,포트폴리오 업데이트,"6월 투자 매수 347,200원, 보유 종목 2개","{'like_count': 61, 'comment_count': 2, 'save_count': 1}"
P101-POST-001,P101,fin_p101_folio,2026-06-07T22:47:00+09:00,saving_milestone,challenge_group,derived_from_ledger,이번 달 저축률 기록,6월 수입 대비 저축률 41.3% 달성,"{'like_count': 11, 'comment_count': 9, 'save_count': 3}"
P101-POST-002,P101,fin_p101_folio,2026-06-30T22:58:00+09:00,investment_trade,public,derived_from_ledger,포트폴리오 업데이트,"6월 투자 매수 932,300원, 보유 종목 3개","{'like_count': 80, 'comment_count': 14, 'save_count': 17}"
P101-POST-003,P101,fin_p101_folio,2026-06-25T13:15:00+09:00,spend_pattern,followers,derived_from_ledger,소비 카테고리 회고,가장 큰 소비 카테고리는 생활,"{'like_count': 8, 'comment_count': 13, 'save_count': 10}"
P102-POST-001,P102,fin_p102_folio,2026-06-08T20:48:00+09:00,saving_milestone,followers,derived_from_ledger,이번 달 저축률 기록,6월 수입 대비 저축률 37.7% 달성,"{'like_count': 10, 'comment_count': 12, 'save_count': 19}"
P102-POST-002,P102,fin_p102_folio,2026-06-19T09:57:00+09:00,investment_trade,followers,derived_from_ledger,포트폴리오 업데이트,"6월 투자 매수 843,200원, 보유 종목 2개","{'like_count': 74, 'comment_count': 8, 'save_count': 15}"
P102-POST-003,P102,fin_p102_folio,2026-06-15T17:02:00+09:00,spend_pattern,followers,derived_from_ledger,소비 카테고리 회고,가장 큰 소비 카테고리는 식비,"{'like_count': 49, 'comment_count': 13, 'save_count': 13}"
P103-POST-001,P103,fin_p103_folio,2026-06-09T14:51:00+09:00,saving_milestone,followers,derived_from_ledger,이번 달 저축률 기록,6월 수입 대비 저축률 37.9% 달성,"{'like_count': 53, 'comment_count': 13, 'save_count': 20}"
P103-POST-002,P103,fin_p103_folio,2026-06-10T10:01:00+09:00,investment_trade,challenge_group,derived_from_ledger,포트폴리오 업데이트,"6월 투자 매수 468,200원, 보유 종목 2개","{'like_count': 32, 'comment_count': 0, 'save_count': 0}"
P103-POST-003,P103,fin_p103_folio,2026-06-17T13:23:00+09:00,spend_pattern,challenge_group,derived_from_ledger,소비 카테고리 회고,가장 큰 소비 카테고리는 생활,"{'like_count': 66, 'comment_count': 6, 'save_count': 0}"
P104-POST-001,P104,fin_p104_folio,2026-06-17T12:22:00+09:00,saving_milestone,challenge_group,derived_from_ledger,이번 달 저축률 기록,6월 수입 대비 저축률 21.9% 달성,"{'like_count': 43, 'comment_count': 11, 'save_count': 4}"
P104-POST-002,P104,fin_p104_folio,2026-06-19T16:22:00+09:00,investment_trade,challenge_group,derived_from_ledger,포트폴리오 업데이트,"6월 투자 매수 387,200원, 보유 종목 2개","{'like_count': 37, 'comment_count': 10, 'save_count': 16}"
P104-POST-003,P104,fin_p104_folio,2026-06-14T13:10:00+09:00,spend_pattern,challenge_group,derived_from_ledger,소비 카테고리 회고,가장 큰 소비 카테고리는 온라인쇼핑,"{'like_count': 29, 'comment_count': 1, 'save_count': 20}"
P105-POST-001,P105,fin_p105_folio,2026-06-25T09:55:00+09:00,saving_milestone,followers,derived_from_ledger,이번 달 저축률 기록,6월 수입 대비 저축률 25.6% 달성,"{'like_count': 5, 'comment_count': 5, 'save_count': 1}"
P105-POST-002,P105,fin_p105_folio,2026-06-10T22:26:00+09:00,investment_trade,public,derived_from_ledger,포트폴리오 업데이트,"6월 투자 매수 921,300원, 보유 종목 3개","{'like_count': 21, 'comment_count': 9, 'save_count': 10}"
P105-POST-003,P105,fin_p105_folio,2026-06-11T17:31:00+09:00,spend_pattern,challenge_group,derived_from_ledger,소비 카테고리 회고,가장 큰 소비 카테고리는 온라인쇼핑,"{'like_count': 3, 'comment_count': 14, 'save_count': 16}"
P106-POST-001,P106,fin_p106_daily,2026-06-27T15:31:00+09:00,saving_milestone,followers,derived_from_ledger,이번 달 저축률 기록,6월 수입 대비 저축률 19.5% 달성,"{'like_count': 3, 'comment_count': 6, 'save_count': 1}"
P106-POST-002,P106,fin_p106_daily,2026-06-10T17:18:00+09:00,investment_trade,challenge_group,derived_from_ledger,포트폴리오 업데이트,"6월 투자 매수 863,300원, 보유 종목 3개","{'like_count': 39, 'comment_count': 10, 'save_count': 9}"
P106-POST-003,P106,fin_p106_daily,2026-06-19T10:11:00+09:00,spend_pattern,public,derived_from_ledger,소비 카테고리 회고,가장 큰 소비 카테고리는 생활,"{'like_count': 13, 'comment_count': 8, 'save_count': 13}"
P107-POST-001,P107,fin_p107_young,2026-06-15T10:30:00+09:00,saving_milestone,challenge_group,derived_from_ledger,이번 달 저축률 기록,6월 수입 대비 저축률 28.3% 달성,"{'like_count': 1, 'comment_count': 13, 'save_count': 1}"
P107-POST-002,P107,fin_p107_young,2026-06-08T22:25:00+09:00,investment_trade,followers,derived_from_ledger,포트폴리오 업데이트,"6월 투자 매수 649,200원, 보유 종목 2개","{'like_count': 39, 'comment_count': 14, 'save_count': 3}"
P108-POST-001,P108,fin_p108_daily,2026-06-23T12:49:00+09:00,saving_milestone,public,derived_from_ledger,이번 달 저축률 기록,6월 수입 대비 저축률 31.8% 달성,"{'like_count': 61, 'comment_count': 4, 'save_count': 11}"
P108-POST-002,P108,fin_p108_daily,2026-06-16T08:37:00+09:00,investment_trade,public,derived_from_ledger,포트폴리오 업데이트,"6월 투자 매수 982,200원, 보유 종목 2개","{'like_count': 6, 'comment_count': 2, 'save_count': 8}"
P108-POST-003,P108,fin_p108_daily,2026-06-07T22:04:00+09:00,spend_pattern,followers,derived_from_ledger,소비 카테고리 회고,가장 큰 소비 카테고리는 식비,"{'like_count': 24, 'comment_count': 12, 'save_count': 15}"
P109-POST-001,P109,fin_p109_save,2026-06-20T08:44:00+09:00,saving_milestone,public,derived_from_ledger,이번 달 저축률 기록,6월 수입 대비 저축률 28.5% 달성,"{'like_count': 36, 'comment_count': 5, 'save_count': 2}"
P109-POST-002,P109,fin_p109_save,2026-06-30T15:16:00+09:00,investment_trade,challenge_group,derived_from_ledger,포트폴리오 업데이트,"6월 투자 매수 628,300원, 보유 종목 3개","{'like_count': 37, 'comment_count': 9, 'save_count': 18}"
P110-POST-001,P110,fin_p110_folio,2026-06-28T18:17:00+09:00,saving_milestone,challenge_group,derived_from_ledger,이번 달 저축률 기록,6월 수입 대비 저축률 33.0% 달성,"{'like_count': 26, 'comment_count': 8, 'save_count': 1}"
P110-POST-002,P110,fin_p110_folio,2026-06-28T12:12:00+09:00,investment_trade,followers,derived_from_ledger,포트폴리오 업데이트,"6월 투자 매수 708,300원, 보유 종목 3개","{'like_count': 35, 'comment_count': 13, 'save_count': 12}"
P111-POST-001,P111,fin_p111_folio,2026-06-12T10:49:00+09:00,saving_milestone,followers,derived_from_ledger,이번 달 저축률 기록,6월 수입 대비 저축률 57.9% 달성,"{'like_count': 18, 'comment_count': 13, 'save_count': 17}"
P111-POST-002,P111,fin_p111_folio,2026-06-25T09:14:00+09:00,investment_trade,public,derived_from_ledger,포트폴리오 업데이트,"6월 투자 매수 234,100원, 보유 종목 1개","{'like_count': 59, 'comment_count': 3, 'save_count': 19}"
P111-POST-003,P111,fin_p111_folio,2026-06-24T19:57:00+09:00,spend_pattern,public,derived_from_ledger,소비 카테고리 회고,가장 큰 소비 카테고리는 생활,"{'like_count': 54, 'comment_count': 7, 'save_count': 2}"
P112-POST-001,P112,fin_p112_daily,2026-06-27T22:28:00+09:00,saving_milestone,public,derived_from_ledger,이번 달 저축률 기록,6월 수입 대비 저축률 33.7% 달성,"{'like_count': 30, 'comment_count': 5, 'save_count': 12}"
P112-POST-002,P112,fin_p112_daily,2026-06-19T16:30:00+09:00,investment_trade,challenge_group,derived_from_ledger,포트폴리오 업데이트,"6월 투자 매수 389,200원, 보유 종목 2개","{'like_count': 7, 'comment_count': 8, 'save_count': 11}"
P112-POST-003,P112,fin_p112_daily,2026-06-24T13:31:00+09:00,spend_pattern,public,derived_from_ledger,소비 카테고리 회고,가장 큰 소비 카테고리는 생활,"{'like_count': 74, 'comment_count': 2, 'save_count': 10}"
P113-POST-001,P113,fin_p113_flow,2026-06-08T12:36:00+09:00,saving_milestone,challenge_group,derived_from_ledger,이번 달 저축률 기록,6월 수입 대비 저축률 40.8% 달성,"{'like_count': 20, 'comment_count': 5, 'save_count': 5}"
P113-POST-002,P113,fin_p113_flow,2026-06-30T17:07:00+09:00,investment_trade,followers,derived_from_ledger,포트폴리오 업데이트,"6월 투자 매수 428,200원, 보유 종목 2개","{'like_count': 62, 'comment_count': 12, 'save_count': 12}"
P113-POST-003,P113,fin_p113_flow,2026-06-19T21:08:00+09:00,spend_pattern,public,derived_from_ledger,소비 카테고리 회고,가장 큰 소비 카테고리는 생활,"{'like_count': 31, 'comment_count': 12, 'save_count': 8}"
P114-POST-001,P114,fin_p114_save,2026-06-16T08:34:00+09:00,saving_milestone,public,derived_from_ledger,이번 달 저축률 기록,6월 수입 대비 저축률 32.5% 달성,"{'like_count': 52, 'comment_count': 0, 'save_count': 15}"
P114-POST-002,P114,fin_p114_save,2026-06-12T14:13:00+09:00,investment_trade,challenge_group,derived_from_ledger,포트폴리오 업데이트,"6월 투자 매수 211,200원, 보유 종목 2개","{'like_count': 13, 'comment_count': 11, 'save_count': 14}"
P115-POST-001,P115,fin_p115_folio,2026-06-17T09:11:00+09:00,saving_milestone,followers,derived_from_ledger,이번 달 저축률 기록,6월 수입 대비 저축률 37.7% 달성,"{'like_count': 60, 'comment_count': 12, 'save_count': 7}"
P115-POST-002,P115,fin_p115_folio,2026-06-09T18:32:00+09:00,investment_trade,followers,derived_from_ledger,포트폴리오 업데이트,"6월 투자 매수 234,100원, 보유 종목 1개","{'like_count': 43, 'comment_count': 7, 'save_count': 14}"
P115-POST-003,P115,fin_p115_folio,2026-06-22T17:04:00+09:00,spend_pattern,challenge_group,derived_from_ledger,소비 카테고리 회고,가장 큰 소비 카테고리는 생활,"{'like_count': 21, 'comment_count': 12, 'save_count': 13}"
P116-POST-001,P116,fin_p116_young,2026-06-18T16:02:00+09:00,saving_milestone,followers,derived_from_ledger,이번 달 저축률 기록,6월 수입 대비 저축률 53.4% 달성,"{'like_count': 65, 'comment_count': 9, 'save_count': 15}"
P116-POST-002,P116,fin_p116_young,2026-06-11T23:43:00+09:00,investment_trade,challenge_group,derived_from_ledger,포트폴리오 업데이트,"6월 투자 매수 273,100원, 보유 종목 1개","{'like_count': 73, 'comment_count': 11, 'save_count': 20}"
P116-POST-003,P116,fin_p116_young,2026-06-12T15:13:00+09:00,spend_pattern,challenge_group,derived_from_ledger,소비 카테고리 회고,가장 큰 소비 카테고리는 생활,"{'like_count': 13, 'comment_count': 13, 'save_count': 12}"
P117-POST-001,P117,fin_p117_save,2026-06-16T14:08:00+09:00,saving_milestone,challenge_group,derived_from_ledger,이번 달 저축률 기록,6월 수입 대비 저축률 41.5% 달성,"{'like_count': 29, 'comment_count': 2, 'save_count': 1}"
P118-POST-001,P118,fin_p118_daily,2026-06-21T09:28:00+09:00,saving_milestone,challenge_group,derived_from_ledger,이번 달 저축률 기록,6월 수입 대비 저축률 55.5% 달성,"{'like_count': 39, 'comment_count': 10, 'save_count': 15}"
P118-POST-002,P118,fin_p118_daily,2026-06-13T08:40:00+09:00,investment_trade,challenge_group,derived_from_ledger,포트폴리오 업데이트,"6월 투자 매수 152,100원, 보유 종목 1개","{'like_count': 77, 'comment_count': 10, 'save_count': 18}"
P118-POST-003,P118,fin_p118_daily,2026-06-16T10:53:00+09:00,spend_pattern,public,derived_from_ledger,소비 카테고리 회고,가장 큰 소비 카테고리는 생활,"{'like_count': 63, 'comment_count': 0, 'save_count': 2}"
P120-POST-001,P120,fin_p120_young,2026-06-16T12:58:00+09:00,saving_milestone,followers,derived_from_ledger,이번 달 저축률 기록,6월 수입 대비 저축률 48.9% 달성,"{'like_count': 30, 'comment_count': 7, 'save_count': 16}"
P120-POST-002,P120,fin_p120_young,2026-06-28T09:01:00+09:00,investment_trade,challenge_group,derived_from_ledger,포트폴리오 업데이트,"6월 투자 매수 230,100원, 보유 종목 1개","{'like_count': 68, 'comment_count': 6, 'save_count': 12}"
P121-POST-001,P121,fin_p121_folio,2026-06-08T14:28:00+09:00,saving_milestone,public,derived_from_ledger,이번 달 저축률 기록,6월 수입 대비 저축률 55.1% 달성,"{'like_count': 62, 'comment_count': 12, 'save_count': 12}"
P121-POST-002,P121,fin_p121_folio,2026-06-26T21:01:00+09:00,investment_trade,followers,derived_from_ledger,포트폴리오 업데이트,"6월 투자 매수 275,200원, 보유 종목 2개","{'like_count': 14, 'comment_count': 11, 'save_count': 19}"
P122-POST-001,P122,fin_p122_daily,2026-06-18T23:31:00+09:00,saving_milestone,public,derived_from_ledger,이번 달 저축률 기록,6월 수입 대비 저축률 31.8% 달성,"{'like_count': 20, 'comment_count': 14, 'save_count': 2}"
P122-POST-002,P122,fin_p122_daily,2026-06-13T19:33:00+09:00,investment_trade,challenge_group,derived_from_ledger,포트폴리오 업데이트,"6월 투자 매수 156,100원, 보유 종목 1개","{'like_count': 31, 'comment_count': 5, 'save_count': 15}"
P122-POST-003,P122,fin_p122_daily,2026-06-08T14:54:00+09:00,spend_pattern,public,derived_from_ledger,소비 카테고리 회고,가장 큰 소비 카테고리는 식비,"{'like_count': 60, 'comment_count': 2, 'save_count': 0}"
P123-POST-001,P123,fin_p123_flow,2026-06-24T10:33:00+09:00,saving_milestone,challenge_group,derived_from_ledger,이번 달 저축률 기록,6월 수입 대비 저축률 56.3% 달성,"{'like_count': 49, 'comment_count': 14, 'save_count': 14}"
P123-POST-002,P123,fin_p123_flow,2026-06-10T08:55:00+09:00,investment_trade,public,derived_from_ledger,포트폴리오 업데이트,"6월 투자 매수 195,100원, 보유 종목 1개","{'like_count': 14, 'comment_count': 13, 'save_count': 20}"
P123-POST-003,P123,fin_p123_flow,2026-06-09T17:24:00+09:00,spend_pattern,public,derived_from_ledger,소비 카테고리 회고,가장 큰 소비 카테고리는 생활,"{'like_count': 57, 'comment_count': 2, 'save_count': 6}"
P124-POST-001,P124,fin_p124_daily,2026-06-07T23:06:00+09:00,saving_milestone,followers,derived_from_ledger,이번 달 저축률 기록,6월 수입 대비 저축률 51.1% 달성,"{'like_count': 17, 'comment_count': 8, 'save_count': 14}"
P124-POST-002,P124,fin_p124_daily,2026-06-12T14:24:00+09:00,investment_trade,public,derived_from_ledger,포트폴리오 업데이트,"6월 투자 매수 506,200원, 보유 종목 2개","{'like_count': 27, 'comment_count': 11, 'save_count': 11}"
P124-POST-003,P124,fin_p124_daily,2026-06-30T11:24:00+09:00,spend_pattern,public,derived_from_ledger,소비 카테고리 회고,가장 큰 소비 카테고리는 생활,"{'like_count': 55, 'comment_count': 8, 'save_count': 10}"
P125-POST-001,P125,fin_p125_flow,2026-06-29T10:02:00+09:00,saving_milestone,challenge_group,derived_from_ledger,이번 달 저축률 기록,6월 수입 대비 저축률 34.0% 달성,"{'like_count': 2, 'comment_count': 11, 'save_count': 1}"
P125-POST-002,P125,fin_p125_flow,2026-06-13T23:28:00+09:00,investment_trade,challenge_group,derived_from_ledger,포트폴리오 업데이트,"6월 투자 매수 439,200원, 보유 종목 2개","{'like_count': 54, 'comment_count': 10, 'save_count': 10}"
P125-POST-003,P125,fin_p125_flow,2026-06-27T09:26:00+09:00,spend_pattern,challenge_group,derived_from_ledger,소비 카테고리 회고,가장 큰 소비 카테고리는 생활,"{'like_count': 21, 'comment_count': 4, 'save_count': 3}"
P126-POST-001,P126,fin_p126_daily,2026-06-28T11:38:00+09:00,saving_milestone,challenge_group,derived_from_ledger,이번 달 저축률 기록,6월 수입 대비 저축률 57.6% 달성,"{'like_count': 16, 'comment_count': 1, 'save_count': 18}"
P126-POST-002,P126,fin_p126_daily,2026-06-08T16:56:00+09:00,investment_trade,challenge_group,derived_from_ledger,포트폴리오 업데이트,"6월 투자 매수 230,100원, 보유 종목 1개","{'like_count': 26, 'comment_count': 7, 'save_count': 13}"
P126-POST-003,P126,fin_p126_daily,2026-06-27T15:05:00+09:00,spend_pattern,challenge_group,derived_from_ledger,소비 카테고리 회고,가장 큰 소비 카테고리는 생활,"{'like_count': 45, 'comment_count': 5, 'save_count': 14}"
P127-POST-001,P127,fin_p127_young,2026-06-22T18:25:00+09:00,saving_milestone,challenge_group,derived_from_ledger,이번 달 저축률 기록,6월 수입 대비 저축률 47.3% 달성,"{'like_count': 43, 'comment_count': 8, 'save_count': 5}"
P127-POST-002,P127,fin_p127_young,2026-06-08T11:41:00+09:00,investment_trade,followers,derived_from_ledger,포트폴리오 업데이트,"6월 투자 매수 312,100원, 보유 종목 1개","{'like_count': 57, 'comment_count': 13, 'save_count': 1}"
P128-POST-001,P128,fin_p128_flow,2026-06-30T21:53:00+09:00,saving_milestone,public,derived_from_ledger,이번 달 저축률 기록,6월 수입 대비 저축률 43.0% 달성,"{'like_count': 16, 'comment_count': 1, 'save_count': 9}"
P128-POST-002,P128,fin_p128_flow,2026-06-11T19:23:00+09:00,investment_trade,followers,derived_from_ledger,포트폴리오 업데이트,"6월 투자 매수 450,100원, 보유 종목 1개","{'like_count': 75, 'comment_count': 7, 'save_count': 9}"
P128-POST-003,P128,fin_p128_flow,2026-06-18T11:36:00+09:00,spend_pattern,public,derived_from_ledger,소비 카테고리 회고,가장 큰 소비 카테고리는 생활,"{'like_count': 21, 'comment_count': 1, 'save_count': 19}"
P129-POST-001,P129,fin_p129_young,2026-06-20T15:48:00+09:00,saving_milestone,public,derived_from_ledger,이번 달 저축률 기록,6월 수입 대비 저축률 46.5% 달성,"{'like_count': 37, 'comment_count': 6, 'save_count': 13}"
P130-POST-001,P130,fin_p130_daily,2026-06-24T18:14:00+09:00,saving_milestone,challenge_group,derived_from_ledger,이번 달 저축률 기록,6월 수입 대비 저축률 33.3% 달성,"{'like_count': 41, 'comment_count': 14, 'save_count': 2}"
P130-POST-002,P130,fin_p130_daily,2026-06-27T09:12:00+09:00,investment_trade,followers,derived_from_ledger,포트폴리오 업데이트,"6월 투자 매수 375,200원, 보유 종목 2개","{'like_count': 37, 'comment_count': 1, 'save_count': 6}"
P131-POST-001,P131,fin_p131_young,2026-06-24T21:43:00+09:00,saving_milestone,challenge_group,derived_from_ledger,이번 달 저축률 기록,6월 수입 대비 저축률 40.5% 달성,"{'like_count': 73, 'comment_count': 4, 'save_count': 3}"
P131-POST-002,P131,fin_p131_young,2026-06-26T17:46:00+09:00,investment_trade,challenge_group,derived_from_ledger,포트폴리오 업데이트,"6월 투자 매수 316,200원, 보유 종목 2개","{'like_count': 29, 'comment_count': 2, 'save_count': 2}"
P131-POST-003,P131,fin_p131_young,2026-06-15T19:35:00+09:00,spend_pattern,public,derived_from_ledger,소비 카테고리 회고,가장 큰 소비 카테고리는 생활,"{'like_count': 27, 'comment_count': 11, 'save_count': 2}"
P132-POST-001,P132,fin_p132_folio,2026-06-26T20:51:00+09:00,saving_milestone,followers,derived_from_ledger,이번 달 저축률 기록,6월 수입 대비 저축률 51.7% 달성,"{'like_count': 8, 'comment_count': 0, 'save_count': 9}"
P132-POST-002,P132,fin_p132_folio,2026-06-08T20:23:00+09:00,investment_trade,followers,derived_from_ledger,포트폴리오 업데이트,"6월 투자 매수 76,100원, 보유 종목 1개","{'like_count': 17, 'comment_count': 7, 'save_count': 14}"
P132-POST-003,P132,fin_p132_folio,2026-06-27T10:15:00+09:00,spend_pattern,public,derived_from_ledger,소비 카테고리 회고,가장 큰 소비 카테고리는 생활,"{'like_count': 79, 'comment_count': 1, 'save_count': 3}"
P134-POST-001,P134,fin_p134_daily,2026-06-17T12:28:00+09:00,saving_milestone,public,derived_from_ledger,이번 달 저축률 기록,6월 수입 대비 저축률 14.0% 달성,"{'like_count': 66, 'comment_count': 9, 'save_count': 11}"
P134-POST-002,P134,fin_p134_daily,2026-06-27T11:37:00+09:00,investment_trade,public,derived_from_ledger,포트폴리오 업데이트,"6월 투자 매수 258,200원, 보유 종목 2개","{'like_count': 71, 'comment_count': 0, 'save_count': 17}"
P135-POST-001,P135,fin_p135_save,2026-06-16T09:46:00+09:00,saving_milestone,challenge_group,derived_from_ledger,이번 달 저축률 기록,6월 수입 대비 저축률 8.2% 달성,"{'like_count': 24, 'comment_count': 3, 'save_count': 6}"
P135-POST-002,P135,fin_p135_save,2026-06-18T14:21:00+09:00,investment_trade,public,derived_from_ledger,포트폴리오 업데이트,"6월 투자 매수 228,100원, 보유 종목 1개","{'like_count': 76, 'comment_count': 4, 'save_count': 1}"
P135-POST-003,P135,fin_p135_save,2026-06-29T10:10:00+09:00,spend_pattern,public,derived_from_ledger,소비 카테고리 회고,가장 큰 소비 카테고리는 생활,"{'like_count': 63, 'comment_count': 2, 'save_count': 10}"
P136-POST-001,P136,fin_p136_save,2026-06-29T10:45:00+09:00,saving_milestone,followers,derived_from_ledger,이번 달 저축률 기록,6월 수입 대비 저축률 3.8% 달성,"{'like_count': 12, 'comment_count': 4, 'save_count': 16}"
P136-POST-002,P136,fin_p136_save,2026-06-22T12:32:00+09:00,investment_trade,challenge_group,derived_from_ledger,포트폴리오 업데이트,"6월 투자 매수 154,200원, 보유 종목 2개","{'like_count': 42, 'comment_count': 6, 'save_count': 8}"
P136-POST-003,P136,fin_p136_save,2026-06-21T15:02:00+09:00,spend_pattern,public,derived_from_ledger,소비 카테고리 회고,가장 큰 소비 카테고리는 온라인쇼핑,"{'like_count': 59, 'comment_count': 10, 'save_count': 5}"
P137-POST-001,P137,fin_p137_young,2026-06-20T22:50:00+09:00,saving_milestone,followers,derived_from_ledger,이번 달 저축률 기록,6월 수입 대비 저축률 4.5% 달성,"{'like_count': 77, 'comment_count': 2, 'save_count': 12}"
P137-POST-002,P137,fin_p137_young,2026-06-12T13:56:00+09:00,investment_trade,public,derived_from_ledger,포트폴리오 업데이트,"6월 투자 매수 97,200원, 보유 종목 2개","{'like_count': 45, 'comment_count': 9, 'save_count': 20}"
P137-POST-003,P137,fin_p137_young,2026-06-17T16:08:00+09:00,spend_pattern,followers,derived_from_ledger,소비 카테고리 회고,가장 큰 소비 카테고리는 온라인쇼핑,"{'like_count': 62, 'comment_count': 3, 'save_count': 13}"
P138-POST-001,P138,fin_p138_folio,2026-06-15T20:23:00+09:00,saving_milestone,followers,derived_from_ledger,이번 달 저축률 기록,6월 수입 대비 저축률 11.2% 달성,"{'like_count': 62, 'comment_count': 8, 'save_count': 20}"
P139-POST-001,P139,fin_p139_daily,2026-06-22T08:35:00+09:00,saving_milestone,public,derived_from_ledger,이번 달 저축률 기록,6월 수입 대비 저축률 16.6% 달성,"{'like_count': 61, 'comment_count': 3, 'save_count': 7}"
P139-POST-002,P139,fin_p139_daily,2026-06-09T20:17:00+09:00,investment_trade,public,derived_from_ledger,포트폴리오 업데이트,"6월 투자 매수 228,100원, 보유 종목 1개","{'like_count': 41, 'comment_count': 13, 'save_count': 20}"
P139-POST-003,P139,fin_p139_daily,2026-06-20T15:09:00+09:00,spend_pattern,followers,derived_from_ledger,소비 카테고리 회고,가장 큰 소비 카테고리는 온라인쇼핑,"{'like_count': 27, 'comment_count': 14, 'save_count': 9}"
P140-POST-001,P140,fin_p140_daily,2026-06-07T20:20:00+09:00,saving_milestone,public,derived_from_ledger,이번 달 저축률 기록,6월 수입 대비 저축률 6.5% 달성,"{'like_count': 17, 'comment_count': 11, 'save_count': 10}"
P140-POST-002,P140,fin_p140_daily,2026-06-22T21:27:00+09:00,investment_trade,challenge_group,derived_from_ledger,포트폴리오 업데이트,"6월 투자 매수 590,200원, 보유 종목 2개","{'like_count': 53, 'comment_count': 3, 'save_count': 4}"
P141-POST-001,P141,fin_p141_flow,2026-06-21T18:34:00+09:00,saving_milestone,followers,derived_from_ledger,이번 달 저축률 기록,6월 수입 대비 저축률 11.8% 달성,"{'like_count': 57, 'comment_count': 1, 'save_count': 14}"
P141-POST-002,P141,fin_p141_flow,2026-06-19T14:07:00+09:00,investment_trade,public,derived_from_ledger,포트폴리오 업데이트,"6월 투자 매수 198,200원, 보유 종목 2개","{'like_count': 20, 'comment_count': 6, 'save_count': 15}"
P141-POST-003,P141,fin_p141_flow,2026-06-16T10:39:00+09:00,spend_pattern,followers,derived_from_ledger,소비 카테고리 회고,가장 큰 소비 카테고리는 생활,"{'like_count': 64, 'comment_count': 0, 'save_count': 5}"
P142-POST-001,P142,fin_p142_flow,2026-06-19T10:08:00+09:00,saving_milestone,public,derived_from_ledger,이번 달 저축률 기록,6월 수입 대비 저축률 17.1% 달성,"{'like_count': 76, 'comment_count': 12, 'save_count': 3}"
P142-POST-002,P142,fin_p142_flow,2026-06-19T23:56:00+09:00,investment_trade,followers,derived_from_ledger,포트폴리오 업데이트,"6월 투자 매수 165,200원, 보유 종목 2개","{'like_count': 8, 'comment_count': 2, 'save_count': 19}"
P142-POST-003,P142,fin_p142_flow,2026-06-29T15:44:00+09:00,spend_pattern,public,derived_from_ledger,소비 카테고리 회고,가장 큰 소비 카테고리는 생활,"{'like_count': 45, 'comment_count': 10, 'save_count': 0}"
P143-POST-001,P143,fin_p143_daily,2026-06-22T16:51:00+09:00,saving_milestone,challenge_group,derived_from_ledger,이번 달 저축률 기록,6월 수입 대비 저축률 14.6% 달성,"{'like_count': 37, 'comment_count': 12, 'save_count': 2}"
P143-POST-002,P143,fin_p143_daily,2026-06-22T12:49:00+09:00,investment_trade,public,derived_from_ledger,포트폴리오 업데이트,"6월 투자 매수 590,200원, 보유 종목 2개","{'like_count': 40, 'comment_count': 13, 'save_count': 15}"
P143-POST-003,P143,fin_p143_daily,2026-06-08T23:24:00+09:00,spend_pattern,challenge_group,derived_from_ledger,소비 카테고리 회고,가장 큰 소비 카테고리는 카페/간식,"{'like_count': 52, 'comment_count': 13, 'save_count': 20}"
P144-POST-001,P144,fin_p144_save,2026-06-23T21:29:00+09:00,saving_milestone,challenge_group,derived_from_ledger,이번 달 저축률 기록,6월 수입 대비 저축률 18.0% 달성,"{'like_count': 27, 'comment_count': 5, 'save_count': 7}"
P144-POST-002,P144,fin_p144_save,2026-06-08T10:39:00+09:00,investment_trade,followers,derived_from_ledger,포트폴리오 업데이트,"6월 투자 매수 304,100원, 보유 종목 1개","{'like_count': 48, 'comment_count': 3, 'save_count': 18}"
P144-POST-003,P144,fin_p144_save,2026-06-12T11:01:00+09:00,spend_pattern,followers,derived_from_ledger,소비 카테고리 회고,가장 큰 소비 카테고리는 식비,"{'like_count': 9, 'comment_count': 1, 'save_count': 16}"
P145-POST-001,P145,fin_p145_flow,2026-06-21T08:46:00+09:00,saving_milestone,challenge_group,derived_from_ledger,이번 달 저축률 기록,6월 수입 대비 저축률 8.5% 달성,"{'like_count': 79, 'comment_count': 2, 'save_count': 19}"
P145-POST-002,P145,fin_p145_flow,2026-06-10T08:04:00+09:00,investment_trade,challenge_group,derived_from_ledger,포트폴리오 업데이트,"6월 투자 매수 211,200원, 보유 종목 2개","{'like_count': 6, 'comment_count': 12, 'save_count': 5}"
P145-POST-003,P145,fin_p145_flow,2026-06-12T21:53:00+09:00,spend_pattern,challenge_group,derived_from_ledger,소비 카테고리 회고,가장 큰 소비 카테고리는 생활,"{'like_count': 36, 'comment_count': 12, 'save_count': 14}"
P146-POST-001,P146,fin_p146_flow,2026-06-20T08:54:00+09:00,saving_milestone,public,derived_from_ledger,이번 달 저축률 기록,6월 수입 대비 저축률 15.4% 달성,"{'like_count': 60, 'comment_count': 10, 'save_count': 2}"
P146-POST-002,P146,fin_p146_flow,2026-06-27T08:20:00+09:00,investment_trade,public,derived_from_ledger,포트폴리오 업데이트,"6월 투자 매수 288,100원, 보유 종목 1개","{'like_count': 72, 'comment_count': 4, 'save_count': 20}"
P146-POST-003,P146,fin_p146_flow,2026-06-19T09:24:00+09:00,spend_pattern,public,derived_from_ledger,소비 카테고리 회고,가장 큰 소비 카테고리는 생활,"{'like_count': 53, 'comment_count': 2, 'save_count': 16}"
P147-POST-001,P147,fin_p147_young,2026-06-19T14:39:00+09:00,saving_milestone,public,derived_from_ledger,이번 달 저축률 기록,6월 수입 대비 저축률 6.5% 달성,"{'like_count': 50, 'comment_count': 10, 'save_count': 12}"
P148-POST-001,P148,fin_p148_young,2026-06-21T19:21:00+09:00,saving_milestone,public,derived_from_ledger,이번 달 저축률 기록,6월 수입 대비 저축률 13.7% 달성,"{'like_count': 71, 'comment_count': 14, 'save_count': 4}"
P148-POST-002,P148,fin_p148_young,2026-06-19T16:45:00+09:00,investment_trade,public,derived_from_ledger,포트폴리오 업데이트,"6월 투자 매수 300,200원, 보유 종목 2개","{'like_count': 64, 'comment_count': 4, 'save_count': 3}"
P149-POST-001,P149,fin_p149_folio,2026-06-26T10:16:00+09:00,saving_milestone,challenge_group,derived_from_ledger,이번 달 저축률 기록,6월 수입 대비 저축률 3.2% 달성,"{'like_count': 20, 'comment_count': 13, 'save_count': 2}"
P149-POST-002,P149,fin_p149_folio,2026-06-16T10:59:00+09:00,investment_trade,challenge_group,derived_from_ledger,포트폴리오 업데이트,"6월 투자 매수 230,100원, 보유 종목 1개","{'like_count': 1, 'comment_count': 11, 'save_count': 8}"
P149-POST-003,P149,fin_p149_folio,2026-06-12T11:37:00+09:00,spend_pattern,public,derived_from_ledger,소비 카테고리 회고,가장 큰 소비 카테고리는 온라인쇼핑,"{'like_count': 7, 'comment_count': 14, 'save_count': 7}"
P150-POST-001,P150,fin_p150_daily,2026-06-26T23:28:00+09:00,saving_milestone,public,derived_from_ledger,이번 달 저축률 기록,6월 수입 대비 저축률 8.1% 달성,"{'like_count': 21, 'comment_count': 10, 'save_count': 8}"
P150-POST-002,P150,fin_p150_daily,2026-06-16T19:54:00+09:00,investment_trade,public,derived_from_ledger,포트폴리오 업데이트,"6월 투자 매수 312,100원, 보유 종목 1개","{'like_count': 71, 'comment_count': 8, 'save_count': 20}"
P150-POST-003,P150,fin_p150_daily,2026-06-11T20:32:00+09:00,spend_pattern,followers,derived_from_ledger,소비 카테고리 회고,가장 큰 소비 카테고리는 온라인쇼핑,"{'like_count': 48, 'comment_count': 7, 'save_count': 4}"
P151-POST-001,P151,fin_p151_young,2026-06-23T19:01:00+09:00,saving_milestone,followers,derived_from_ledger,이번 달 저축률 기록,6월 수입 대비 저축률 13.2% 달성,"{'like_count': 66, 'comment_count': 8, 'save_count': 20}"
P151-POST-002,P151,fin_p151_young,2026-06-13T21:04:00+09:00,investment_trade,challenge_group,derived_from_ledger,포트폴리오 업데이트,"6월 투자 매수 257,200원, 보유 종목 2개","{'like_count': 60, 'comment_count': 12, 'save_count': 17}"
P151-POST-003,P151,fin_p151_young,2026-06-27T15:26:00+09:00,spend_pattern,public,derived_from_ledger,소비 카테고리 회고,가장 큰 소비 카테고리는 온라인쇼핑,"{'like_count': 16, 'comment_count': 3, 'save_count': 16}"
P152-POST-001,P152,fin_p152_daily,2026-06-17T14:10:00+09:00,saving_milestone,challenge_group,derived_from_ledger,이번 달 저축률 기록,6월 수입 대비 저축률 13.0% 달성,"{'like_count': 80, 'comment_count': 12, 'save_count': 3}"
P152-POST-002,P152,fin_p152_daily,2026-06-17T12:05:00+09:00,investment_trade,followers,derived_from_ledger,포트폴리오 업데이트,"6월 투자 매수 234,100원, 보유 종목 1개","{'like_count': 58, 'comment_count': 10, 'save_count': 20}"
P152-POST-003,P152,fin_p152_daily,2026-06-16T12:58:00+09:00,spend_pattern,followers,derived_from_ledger,소비 카테고리 회고,가장 큰 소비 카테고리는 생활,"{'like_count': 10, 'comment_count': 13, 'save_count': 3}"
P153-POST-001,P153,fin_p153_daily,2026-06-28T15:01:00+09:00,saving_milestone,public,derived_from_ledger,이번 달 저축률 기록,6월 수입 대비 저축률 14.4% 달성,"{'like_count': 54, 'comment_count': 14, 'save_count': 20}"
P153-POST-002,P153,fin_p153_daily,2026-06-14T12:38:00+09:00,investment_trade,challenge_group,derived_from_ledger,포트폴리오 업데이트,"6월 투자 매수 216,100원, 보유 종목 1개","{'like_count': 67, 'comment_count': 8, 'save_count': 10}"
P153-POST-003,P153,fin_p153_daily,2026-06-09T17:01:00+09:00,spend_pattern,followers,derived_from_ledger,소비 카테고리 회고,가장 큰 소비 카테고리는 생활,"{'like_count': 72, 'comment_count': 10, 'save_count': 10}"
P154-POST-001,P154,fin_p154_daily,2026-06-26T09:03:00+09:00,saving_milestone,followers,derived_from_ledger,이번 달 저축률 기록,6월 수입 대비 저축률 10.0% 달성,"{'like_count': 3, 'comment_count': 10, 'save_count': 11}"
P154-POST-002,P154,fin_p154_daily,2026-06-11T18:57:00+09:00,investment_trade,public,derived_from_ledger,포트폴리오 업데이트,"6월 투자 매수 312,200원, 보유 종목 2개","{'like_count': 49, 'comment_count': 13, 'save_count': 0}"
P154-POST-003,P154,fin_p154_daily,2026-06-13T12:56:00+09:00,spend_pattern,followers,derived_from_ledger,소비 카테고리 회고,가장 큰 소비 카테고리는 식비,"{'like_count': 25, 'comment_count': 12, 'save_count': 15}"
P156-POST-001,P156,fin_p156_folio,2026-06-28T13:49:00+09:00,saving_milestone,challenge_group,derived_from_ledger,이번 달 저축률 기록,6월 수입 대비 저축률 13.2% 달성,"{'like_count': 42, 'comment_count': 9, 'save_count': 15}"
P156-POST-002,P156,fin_p156_folio,2026-06-12T08:35:00+09:00,investment_trade,public,derived_from_ledger,포트폴리오 업데이트,"6월 투자 매수 152,100원, 보유 종목 1개","{'like_count': 76, 'comment_count': 3, 'save_count': 5}"
P157-POST-001,P157,fin_p157_save,2026-06-16T09:56:00+09:00,saving_milestone,followers,derived_from_ledger,이번 달 저축률 기록,6월 수입 대비 저축률 8.7% 달성,"{'like_count': 8, 'comment_count': 4, 'save_count': 3}"
P157-POST-002,P157,fin_p157_save,2026-06-17T18:45:00+09:00,investment_trade,followers,derived_from_ledger,포트폴리오 업데이트,"6월 투자 매수 464,200원, 보유 종목 2개","{'like_count': 28, 'comment_count': 1, 'save_count': 16}"
P158-POST-001,P158,fin_p158_folio,2026-06-07T16:11:00+09:00,saving_milestone,public,derived_from_ledger,이번 달 저축률 기록,6월 수입 대비 저축률 17.1% 달성,"{'like_count': 3, 'comment_count': 11, 'save_count': 14}"
P158-POST-002,P158,fin_p158_folio,2026-06-17T08:04:00+09:00,investment_trade,public,derived_from_ledger,포트폴리오 업데이트,"6월 투자 매수 318,200원, 보유 종목 2개","{'like_count': 27, 'comment_count': 6, 'save_count': 8}"
P159-POST-001,P159,fin_p159_folio,2026-06-20T23:29:00+09:00,saving_milestone,followers,derived_from_ledger,이번 달 저축률 기록,6월 수입 대비 저축률 12.0% 달성,"{'like_count': 5, 'comment_count': 4, 'save_count': 20}"
P159-POST-002,P159,fin_p159_folio,2026-06-13T11:24:00+09:00,investment_trade,challenge_group,derived_from_ledger,포트폴리오 업데이트,"6월 투자 매수 581,200원, 보유 종목 2개","{'like_count': 19, 'comment_count': 7, 'save_count': 13}"
P160-POST-001,P160,fin_p160_folio,2026-06-13T16:21:00+09:00,saving_milestone,followers,derived_from_ledger,이번 달 저축률 기록,6월 수입 대비 저축률 24.6% 달성,"{'like_count': 60, 'comment_count': 14, 'save_count': 1}"
P160-POST-002,P160,fin_p160_folio,2026-06-10T14:16:00+09:00,investment_trade,challenge_group,derived_from_ledger,포트폴리오 업데이트,"6월 투자 매수 575,100원, 보유 종목 1개","{'like_count': 43, 'comment_count': 0, 'save_count': 19}"
P160-POST-003,P160,fin_p160_folio,2026-06-23T09:08:00+09:00,spend_pattern,followers,derived_from_ledger,소비 카테고리 회고,가장 큰 소비 카테고리는 생활,"{'like_count': 73, 'comment_count': 3, 'save_count': 15}"
P161-POST-001,P161,fin_p161_flow,2026-06-18T11:25:00+09:00,saving_milestone,followers,derived_from_ledger,이번 달 저축률 기록,6월 수입 대비 저축률 13.4% 달성,"{'like_count': 61, 'comment_count': 11, 'save_count': 19}"
P161-POST-002,P161,fin_p161_flow,2026-06-22T19:01:00+09:00,investment_trade,followers,derived_from_ledger,포트폴리오 업데이트,"6월 투자 매수 318,200원, 보유 종목 2개","{'like_count': 59, 'comment_count': 10, 'save_count': 20}"
P161-POST-003,P161,fin_p161_flow,2026-06-16T18:48:00+09:00,spend_pattern,public,derived_from_ledger,소비 카테고리 회고,가장 큰 소비 카테고리는 카페/간식,"{'like_count': 23, 'comment_count': 13, 'save_count': 8}"
P162-POST-001,P162,fin_p162_young,2026-06-22T16:33:00+09:00,saving_milestone,public,derived_from_ledger,이번 달 저축률 기록,6월 수입 대비 저축률 11.4% 달성,"{'like_count': 16, 'comment_count': 8, 'save_count': 11}"
P163-POST-001,P163,fin_p163_young,2026-06-29T10:58:00+09:00,saving_milestone,public,derived_from_ledger,이번 달 저축률 기록,6월 수입 대비 저축률 26.5% 달성,"{'like_count': 28, 'comment_count': 11, 'save_count': 15}"
P164-POST-001,P164,fin_p164_daily,2026-06-19T22:34:00+09:00,saving_milestone,public,derived_from_ledger,이번 달 저축률 기록,6월 수입 대비 저축률 19.9% 달성,"{'like_count': 72, 'comment_count': 12, 'save_count': 17}"
P165-POST-001,P165,fin_p165_daily,2026-06-29T16:57:00+09:00,saving_milestone,followers,derived_from_ledger,이번 달 저축률 기록,6월 수입 대비 저축률 20.5% 달성,"{'like_count': 71, 'comment_count': 7, 'save_count': 7}"
P165-POST-002,P165,fin_p165_daily,2026-06-15T13:54:00+09:00,investment_trade,followers,derived_from_ledger,포트폴리오 업데이트,"6월 투자 매수 115,100원, 보유 종목 1개","{'like_count': 19, 'comment_count': 3, 'save_count': 2}"
P165-POST-003,P165,fin_p165_daily,2026-06-21T22:20:00+09:00,spend_pattern,challenge_group,derived_from_ledger,소비 카테고리 회고,가장 큰 소비 카테고리는 생활,"{'like_count': 74, 'comment_count': 0, 'save_count': 5}"
P167-POST-001,P167,fin_p167_daily,2026-06-10T16:02:00+09:00,saving_milestone,challenge_group,derived_from_ledger,이번 달 저축률 기록,6월 수입 대비 저축률 27.1% 달성,"{'like_count': 68, 'comment_count': 3, 'save_count': 11}"
P167-POST-002,P167,fin_p167_daily,2026-06-22T08:54:00+09:00,investment_trade,public,derived_from_ledger,포트폴리오 업데이트,"6월 투자 매수 628,300원, 보유 종목 3개","{'like_count': 5, 'comment_count': 1, 'save_count': 0}"
P167-POST-003,P167,fin_p167_daily,2026-06-19T08:22:00+09:00,spend_pattern,followers,derived_from_ledger,소비 카테고리 회고,가장 큰 소비 카테고리는 식비,"{'like_count': 1, 'comment_count': 9, 'save_count': 12}"
P168-POST-001,P168,fin_p168_folio,2026-06-24T16:20:00+09:00,saving_milestone,public,derived_from_ledger,이번 달 저축률 기록,6월 수입 대비 저축률 28.2% 달성,"{'like_count': 25, 'comment_count': 0, 'save_count': 0}"
P168-POST-002,P168,fin_p168_folio,2026-06-29T12:26:00+09:00,investment_trade,followers,derived_from_ledger,포트폴리오 업데이트,"6월 투자 매수 470,200원, 보유 종목 2개","{'like_count': 47, 'comment_count': 3, 'save_count': 17}"
P168-POST-003,P168,fin_p168_folio,2026-06-25T19:30:00+09:00,spend_pattern,followers,derived_from_ledger,소비 카테고리 회고,가장 큰 소비 카테고리는 생활,"{'like_count': 17, 'comment_count': 13, 'save_count': 6}"
P169-POST-001,P169,fin_p169_daily,2026-06-24T16:59:00+09:00,saving_milestone,followers,derived_from_ledger,이번 달 저축률 기록,6월 수입 대비 저축률 19.3% 달성,"{'like_count': 22, 'comment_count': 7, 'save_count': 7}"
P169-POST-002,P169,fin_p169_daily,2026-06-29T09:36:00+09:00,investment_trade,public,derived_from_ledger,포트폴리오 업데이트,"6월 투자 매수 1,007,400원, 보유 종목 4개","{'like_count': 18, 'comment_count': 12, 'save_count': 0}"
P169-POST-003,P169,fin_p169_daily,2026-06-16T08:16:00+09:00,spend_pattern,challenge_group,derived_from_ledger,소비 카테고리 회고,가장 큰 소비 카테고리는 식비,"{'like_count': 45, 'comment_count': 10, 'save_count': 19}"
P170-POST-001,P170,fin_p170_daily,2026-06-09T11:03:00+09:00,saving_milestone,public,derived_from_ledger,이번 달 저축률 기록,6월 수입 대비 저축률 30.6% 달성,"{'like_count': 55, 'comment_count': 9, 'save_count': 9}"
P170-POST-002,P170,fin_p170_daily,2026-06-28T23:44:00+09:00,investment_trade,public,derived_from_ledger,포트폴리오 업데이트,"6월 투자 매수 1,024,400원, 보유 종목 4개","{'like_count': 44, 'comment_count': 12, 'save_count': 7}"
P172-POST-001,P172,fin_p172_young,2026-06-29T11:59:00+09:00,saving_milestone,challenge_group,derived_from_ledger,이번 달 저축률 기록,6월 수입 대비 저축률 19.7% 달성,"{'like_count': 30, 'comment_count': 13, 'save_count': 19}"
P172-POST-002,P172,fin_p172_young,2026-06-26T20:35:00+09:00,investment_trade,public,derived_from_ledger,포트폴리오 업데이트,"6월 투자 매수 2,059,400원, 보유 종목 4개","{'like_count': 75, 'comment_count': 12, 'save_count': 16}"
P172-POST-003,P172,fin_p172_young,2026-06-19T14:06:00+09:00,spend_pattern,challenge_group,derived_from_ledger,소비 카테고리 회고,가장 큰 소비 카테고리는 생활,"{'like_count': 47, 'comment_count': 5, 'save_count': 14}"
P173-POST-001,P173,fin_p173_flow,2026-06-11T19:36:00+09:00,saving_milestone,followers,derived_from_ledger,이번 달 저축률 기록,6월 수입 대비 저축률 13.2% 달성,"{'like_count': 27, 'comment_count': 0, 'save_count': 8}"
P173-POST-002,P173,fin_p173_flow,2026-06-27T10:16:00+09:00,investment_trade,public,derived_from_ledger,포트폴리오 업데이트,"6월 투자 매수 1,532,305원, 보유 종목 3개","{'like_count': 63, 'comment_count': 5, 'save_count': 8}"
P173-POST-003,P173,fin_p173_flow,2026-06-12T10:15:00+09:00,spend_pattern,followers,derived_from_ledger,소비 카테고리 회고,가장 큰 소비 카테고리는 식비,"{'like_count': 76, 'comment_count': 12, 'save_count': 3}"
P174-POST-001,P174,fin_p174_daily,2026-06-20T13:20:00+09:00,saving_milestone,challenge_group,derived_from_ledger,이번 달 저축률 기록,6월 수입 대비 저축률 19.9% 달성,"{'like_count': 66, 'comment_count': 9, 'save_count': 3}"
P174-POST-002,P174,fin_p174_daily,2026-06-24T23:14:00+09:00,investment_trade,challenge_group,derived_from_ledger,포트폴리오 업데이트,"6월 투자 매수 1,268,300원, 보유 종목 3개","{'like_count': 66, 'comment_count': 6, 'save_count': 1}"
P174-POST-003,P174,fin_p174_daily,2026-06-10T11:38:00+09:00,spend_pattern,public,derived_from_ledger,소비 카테고리 회고,가장 큰 소비 카테고리는 식비,"{'like_count': 44, 'comment_count': 8, 'save_count': 17}"
P175-POST-001,P175,fin_p175_save,2026-06-12T14:14:00+09:00,saving_milestone,public,derived_from_ledger,이번 달 저축률 기록,6월 수입 대비 저축률 15.8% 달성,"{'like_count': 48, 'comment_count': 14, 'save_count': 19}"
P175-POST-002,P175,fin_p175_save,2026-06-30T08:55:00+09:00,investment_trade,public,derived_from_ledger,포트폴리오 업데이트,"6월 투자 매수 2,019,349원, 보유 종목 3개","{'like_count': 44, 'comment_count': 1, 'save_count': 8}"
P176-POST-001,P176,fin_p176_flow,2026-06-17T16:02:00+09:00,saving_milestone,followers,derived_from_ledger,이번 달 저축률 기록,6월 수입 대비 저축률 20.6% 달성,"{'like_count': 43, 'comment_count': 10, 'save_count': 4}"
P176-POST-002,P176,fin_p176_flow,2026-06-23T12:20:00+09:00,investment_trade,challenge_group,derived_from_ledger,포트폴리오 업데이트,"6월 투자 매수 1,527,300원, 보유 종목 3개","{'like_count': 70, 'comment_count': 14, 'save_count': 13}"
P177-POST-001,P177,fin_p177_folio,2026-06-24T18:34:00+09:00,saving_milestone,public,derived_from_ledger,이번 달 저축률 기록,6월 수입 대비 저축률 16.3% 달성,"{'like_count': 76, 'comment_count': 12, 'save_count': 15}"
P177-POST-002,P177,fin_p177_folio,2026-06-07T15:38:00+09:00,investment_trade,challenge_group,derived_from_ledger,포트폴리오 업데이트,"6월 투자 매수 1,699,400원, 보유 종목 4개","{'like_count': 64, 'comment_count': 7, 'save_count': 18}"
P177-POST-003,P177,fin_p177_folio,2026-06-30T14:15:00+09:00,spend_pattern,public,derived_from_ledger,소비 카테고리 회고,가장 큰 소비 카테고리는 생활,"{'like_count': 10, 'comment_count': 0, 'save_count': 11}"
P178-POST-001,P178,fin_p178_daily,2026-06-25T22:41:00+09:00,saving_milestone,followers,derived_from_ledger,이번 달 저축률 기록,6월 수입 대비 저축률 23.9% 달성,"{'like_count': 66, 'comment_count': 5, 'save_count': 17}"
P178-POST-002,P178,fin_p178_daily,2026-06-15T08:41:00+09:00,investment_trade,public,derived_from_ledger,포트폴리오 업데이트,"6월 투자 매수 1,816,400원, 보유 종목 4개","{'like_count': 71, 'comment_count': 12, 'save_count': 15}"
P178-POST-003,P178,fin_p178_daily,2026-06-24T14:44:00+09:00,spend_pattern,followers,derived_from_ledger,소비 카테고리 회고,가장 큰 소비 카테고리는 식비,"{'like_count': 48, 'comment_count': 14, 'save_count': 9}"
P179-POST-001,P179,fin_p179_save,2026-06-16T23:26:00+09:00,saving_milestone,public,derived_from_ledger,이번 달 저축률 기록,6월 수입 대비 저축률 33.8% 달성,"{'like_count': 79, 'comment_count': 9, 'save_count': 4}"
P179-POST-002,P179,fin_p179_save,2026-06-08T17:39:00+09:00,investment_trade,public,derived_from_ledger,포트폴리오 업데이트,"6월 투자 매수 2,430,362원, 보유 종목 3개","{'like_count': 17, 'comment_count': 1, 'save_count': 8}"
P179-POST-003,P179,fin_p179_save,2026-06-17T15:27:00+09:00,spend_pattern,public,derived_from_ledger,소비 카테고리 회고,가장 큰 소비 카테고리는 생활,"{'like_count': 50, 'comment_count': 3, 'save_count': 8}"
P180-POST-001,P180,fin_p180_save,2026-06-26T17:39:00+09:00,saving_milestone,challenge_group,derived_from_ledger,이번 달 저축률 기록,6월 수입 대비 저축률 24.5% 달성,"{'like_count': 53, 'comment_count': 2, 'save_count': 7}"
P180-POST-002,P180,fin_p180_save,2026-06-09T23:09:00+09:00,investment_trade,challenge_group,derived_from_ledger,포트폴리오 업데이트,"6월 투자 매수 1,030,400원, 보유 종목 4개","{'like_count': 0, 'comment_count': 13, 'save_count': 2}"
P180-POST-003,P180,fin_p180_save,2026-06-25T21:29:00+09:00,spend_pattern,public,derived_from_ledger,소비 카테고리 회고,가장 큰 소비 카테고리는 생활,"{'like_count': 12, 'comment_count': 2, 'save_count': 19}"
P181-POST-001,P181,fin_p181_flow,2026-06-16T10:44:00+09:00,saving_milestone,public,derived_from_ledger,이번 달 저축률 기록,6월 수입 대비 저축률 20.3% 달성,"{'like_count': 63, 'comment_count': 12, 'save_count': 10}"
P181-POST-002,P181,fin_p181_flow,2026-06-30T10:09:00+09:00,investment_trade,public,derived_from_ledger,포트폴리오 업데이트,"6월 투자 매수 994,400원, 보유 종목 4개","{'like_count': 63, 'comment_count': 7, 'save_count': 19}"
P181-POST-003,P181,fin_p181_flow,2026-06-23T14:20:00+09:00,spend_pattern,followers,derived_from_ledger,소비 카테고리 회고,가장 큰 소비 카테고리는 식비,"{'like_count': 35, 'comment_count': 3, 'save_count': 15}"
P182-POST-001,P182,fin_p182_save,2026-06-17T14:02:00+09:00,saving_milestone,public,derived_from_ledger,이번 달 저축률 기록,6월 수입 대비 저축률 20.1% 달성,"{'like_count': 66, 'comment_count': 0, 'save_count': 3}"
P182-POST-002,P182,fin_p182_save,2026-06-12T15:59:00+09:00,investment_trade,challenge_group,derived_from_ledger,포트폴리오 업데이트,"6월 투자 매수 775,300원, 보유 종목 3개","{'like_count': 78, 'comment_count': 12, 'save_count': 13}"
P183-POST-001,P183,fin_p183_daily,2026-06-24T14:28:00+09:00,saving_milestone,followers,derived_from_ledger,이번 달 저축률 기록,6월 수입 대비 저축률 26.7% 달성,"{'like_count': 10, 'comment_count': 2, 'save_count': 19}"
P183-POST-002,P183,fin_p183_daily,2026-06-30T23:58:00+09:00,investment_trade,public,derived_from_ledger,포트폴리오 업데이트,"6월 투자 매수 1,347,300원, 보유 종목 3개","{'like_count': 30, 'comment_count': 4, 'save_count': 2}"
P183-POST-003,P183,fin_p183_daily,2026-06-11T21:05:00+09:00,spend_pattern,public,derived_from_ledger,소비 카테고리 회고,가장 큰 소비 카테고리는 생활,"{'like_count': 35, 'comment_count': 0, 'save_count': 12}"
P184-POST-001,P184,fin_p184_folio,2026-06-29T17:16:00+09:00,saving_milestone,public,derived_from_ledger,이번 달 저축률 기록,6월 수입 대비 저축률 25.8% 달성,"{'like_count': 41, 'comment_count': 10, 'save_count': 7}"
P184-POST-002,P184,fin_p184_folio,2026-06-22T20:31:00+09:00,investment_trade,challenge_group,derived_from_ledger,포트폴리오 업데이트,"6월 투자 매수 1,956,400원, 보유 종목 4개","{'like_count': 49, 'comment_count': 2, 'save_count': 18}"
P185-POST-001,P185,fin_p185_daily,2026-06-30T19:49:00+09:00,saving_milestone,public,derived_from_ledger,이번 달 저축률 기록,6월 수입 대비 저축률 25.6% 달성,"{'like_count': 41, 'comment_count': 13, 'save_count': 19}"
P185-POST-002,P185,fin_p185_daily,2026-06-16T13:06:00+09:00,investment_trade,challenge_group,derived_from_ledger,포트폴리오 업데이트,"6월 투자 매수 2,299,342원, 보유 종목 3개","{'like_count': 37, 'comment_count': 7, 'save_count': 2}"
P186-POST-001,P186,fin_p186_save,2026-06-07T21:53:00+09:00,saving_milestone,followers,derived_from_ledger,이번 달 저축률 기록,6월 수입 대비 저축률 35.2% 달성,"{'like_count': 9, 'comment_count': 5, 'save_count': 16}"
P186-POST-002,P186,fin_p186_save,2026-06-18T09:17:00+09:00,investment_trade,followers,derived_from_ledger,포트폴리오 업데이트,"6월 투자 매수 152,100원, 보유 종목 1개","{'like_count': 19, 'comment_count': 5, 'save_count': 2}"
P186-POST-003,P186,fin_p186_save,2026-06-25T15:14:00+09:00,spend_pattern,followers,derived_from_ledger,소비 카테고리 회고,가장 큰 소비 카테고리는 생활,"{'like_count': 21, 'comment_count': 1, 'save_count': 3}"
P187-POST-001,P187,fin_p187_young,2026-06-18T17:12:00+09:00,saving_milestone,public,derived_from_ledger,이번 달 저축률 기록,6월 수입 대비 저축률 53.2% 달성,"{'like_count': 78, 'comment_count': 7, 'save_count': 19}"
P187-POST-002,P187,fin_p187_young,2026-06-15T18:34:00+09:00,investment_trade,followers,derived_from_ledger,포트폴리오 업데이트,"6월 투자 매수 747,300원, 보유 종목 3개","{'like_count': 31, 'comment_count': 10, 'save_count': 9}"
P187-POST-003,P187,fin_p187_young,2026-06-21T16:08:00+09:00,spend_pattern,challenge_group,derived_from_ledger,소비 카테고리 회고,가장 큰 소비 카테고리는 생활,"{'like_count': 54, 'comment_count': 10, 'save_count': 16}"
P189-POST-001,P189,fin_p189_daily,2026-06-09T09:11:00+09:00,saving_milestone,challenge_group,derived_from_ledger,이번 달 저축률 기록,6월 수입 대비 저축률 47.2% 달성,"{'like_count': 17, 'comment_count': 5, 'save_count': 19}"
P189-POST-002,P189,fin_p189_daily,2026-06-18T23:53:00+09:00,investment_trade,followers,derived_from_ledger,포트폴리오 업데이트,"6월 투자 매수 548,200원, 보유 종목 2개","{'like_count': 5, 'comment_count': 0, 'save_count': 2}"
P189-POST-003,P189,fin_p189_daily,2026-06-11T12:20:00+09:00,spend_pattern,followers,derived_from_ledger,소비 카테고리 회고,가장 큰 소비 카테고리는 생활,"{'like_count': 52, 'comment_count': 10, 'save_count': 1}"
P190-POST-001,P190,fin_p190_daily,2026-06-27T18:37:00+09:00,saving_milestone,public,derived_from_ledger,이번 달 저축률 기록,6월 수입 대비 저축률 46.4% 달성,"{'like_count': 21, 'comment_count': 0, 'save_count': 0}"
P190-POST-002,P190,fin_p190_daily,2026-06-30T23:28:00+09:00,investment_trade,followers,derived_from_ledger,포트폴리오 업데이트,"6월 투자 매수 263,200원, 보유 종목 2개","{'like_count': 23, 'comment_count': 4, 'save_count': 20}"
P190-POST-003,P190,fin_p190_daily,2026-06-17T18:41:00+09:00,spend_pattern,public,derived_from_ledger,소비 카테고리 회고,가장 큰 소비 카테고리는 생활,"{'like_count': 70, 'comment_count': 8, 'save_count': 15}"
P191-POST-001,P191,fin_p191_daily,2026-06-16T11:02:00+09:00,saving_milestone,followers,derived_from_ledger,이번 달 저축률 기록,6월 수입 대비 저축률 51.0% 달성,"{'like_count': 43, 'comment_count': 5, 'save_count': 7}"
P192-POST-001,P192,fin_p192_save,2026-06-19T14:51:00+09:00,saving_milestone,challenge_group,derived_from_ledger,이번 달 저축률 기록,6월 수입 대비 저축률 50.1% 달성,"{'like_count': 46, 'comment_count': 13, 'save_count': 20}"
P192-POST-002,P192,fin_p192_save,2026-06-24T17:26:00+09:00,investment_trade,challenge_group,derived_from_ledger,포트폴리오 업데이트,"6월 투자 매수 390,100원, 보유 종목 1개","{'like_count': 5, 'comment_count': 5, 'save_count': 2}"
P193-POST-001,P193,fin_p193_folio,2026-06-08T22:27:00+09:00,saving_milestone,followers,derived_from_ledger,이번 달 저축률 기록,6월 수입 대비 저축률 31.3% 달성,"{'like_count': 24, 'comment_count': 8, 'save_count': 5}"
P193-POST-002,P193,fin_p193_folio,2026-06-27T09:40:00+09:00,investment_trade,followers,derived_from_ledger,포트폴리오 업데이트,"6월 투자 매수 465,200원, 보유 종목 2개","{'like_count': 75, 'comment_count': 12, 'save_count': 5}"
P194-POST-001,P194,fin_p194_folio,2026-06-28T21:30:00+09:00,saving_milestone,followers,derived_from_ledger,이번 달 저축률 기록,6월 수입 대비 저축률 32.4% 달성,"{'like_count': 43, 'comment_count': 13, 'save_count': 5}"
P194-POST-002,P194,fin_p194_folio,2026-06-24T19:11:00+09:00,investment_trade,challenge_group,derived_from_ledger,포트폴리오 업데이트,"6월 투자 매수 846,200원, 보유 종목 2개","{'like_count': 77, 'comment_count': 12, 'save_count': 15}"
P194-POST-003,P194,fin_p194_folio,2026-06-18T21:53:00+09:00,spend_pattern,public,derived_from_ledger,소비 카테고리 회고,가장 큰 소비 카테고리는 생활,"{'like_count': 3, 'comment_count': 12, 'save_count': 18}"
P195-POST-001,P195,fin_p195_save,2026-06-23T13:34:00+09:00,saving_milestone,challenge_group,derived_from_ledger,이번 달 저축률 기록,6월 수입 대비 저축률 42.0% 달성,"{'like_count': 2, 'comment_count': 14, 'save_count': 7}"
P195-POST-002,P195,fin_p195_save,2026-06-19T23:58:00+09:00,investment_trade,followers,derived_from_ledger,포트폴리오 업데이트,"6월 투자 매수 2,000,400원, 보유 종목 4개","{'like_count': 10, 'comment_count': 4, 'save_count': 10}"
P195-POST-003,P195,fin_p195_save,2026-06-27T22:58:00+09:00,spend_pattern,challenge_group,derived_from_ledger,소비 카테고리 회고,가장 큰 소비 카테고리는 생활,"{'like_count': 4, 'comment_count': 1, 'save_count': 9}"
P196-POST-001,P196,fin_p196_folio,2026-06-18T12:38:00+09:00,saving_milestone,followers,derived_from_ledger,이번 달 저축률 기록,6월 수입 대비 저축률 35.2% 달성,"{'like_count': 77, 'comment_count': 7, 'save_count': 13}"
P196-POST-002,P196,fin_p196_folio,2026-06-07T22:42:00+09:00,investment_trade,followers,derived_from_ledger,포트폴리오 업데이트,"6월 투자 매수 3,312,495원, 보유 종목 3개","{'like_count': 67, 'comment_count': 6, 'save_count': 15}"
P196-POST-003,P196,fin_p196_folio,2026-06-24T13:47:00+09:00,spend_pattern,public,derived_from_ledger,소비 카테고리 회고,가장 큰 소비 카테고리는 생활,"{'like_count': 74, 'comment_count': 4, 'save_count': 9}"
P197-POST-001,P197,fin_p197_flow,2026-06-10T12:08:00+09:00,saving_milestone,public,derived_from_ledger,이번 달 저축률 기록,6월 수입 대비 저축률 47.9% 달성,"{'like_count': 34, 'comment_count': 13, 'save_count': 13}"
P197-POST-002,P197,fin_p197_flow,2026-06-21T19:27:00+09:00,investment_trade,public,derived_from_ledger,포트폴리오 업데이트,"6월 투자 매수 2,349,350원, 보유 종목 3개","{'like_count': 18, 'comment_count': 7, 'save_count': 12}"
P197-POST-003,P197,fin_p197_flow,2026-06-17T23:56:00+09:00,spend_pattern,challenge_group,derived_from_ledger,소비 카테고리 회고,가장 큰 소비 카테고리는 생활,"{'like_count': 23, 'comment_count': 12, 'save_count': 5}"
P198-POST-001,P198,fin_p198_folio,2026-06-15T09:36:00+09:00,saving_milestone,followers,derived_from_ledger,이번 달 저축률 기록,6월 수입 대비 저축률 38.7% 달성,"{'like_count': 1, 'comment_count': 13, 'save_count': 5}"
P199-POST-001,P199,fin_p199_daily,2026-06-26T22:55:00+09:00,saving_milestone,public,derived_from_ledger,이번 달 저축률 기록,6월 수입 대비 저축률 41.2% 달성,"{'like_count': 71, 'comment_count': 1, 'save_count': 5}"
P199-POST-002,P199,fin_p199_daily,2026-06-19T22:55:00+09:00,investment_trade,public,derived_from_ledger,포트폴리오 업데이트,"6월 투자 매수 3,915,586원, 보유 종목 3개","{'like_count': 52, 'comment_count': 0, 'save_count': 16}"
P199-POST-003,P199,fin_p199_daily,2026-06-20T21:40:00+09:00,spend_pattern,public,derived_from_ledger,소비 카테고리 회고,가장 큰 소비 카테고리는 생활,"{'like_count': 37, 'comment_count': 0, 'save_count': 7}"
